수집시간,단지ID,단지명,매물ID,매물출처,호ID,단지타입ID,거래유형_영문,거래유형,보증금(만원),월세(만원),가격(억),가격범위여부,구,동네,동번호,층,면적_전용m2,면적_전용평,면적_계약m2,타입_m2,타입_평,방향,제목,동일호_매물수,동일호_여부,매물유형,실거래확인,직접등록여부,매물URL
2026-08-16 02:57:02,139,가락금호,49694413,zigbang,11403473,349,trade,매매,225000,0,22.5,False,송파구,가락동,105동,17,84.85,25.67,107.98,107B,32B,,32B. 주인거주. 특올수리. 전망좋은 로얄층. 입주협의,1,단독매물,self_ad,False,False,https://www.zigbang.com/home/apt/items/49694413
2026-08-16 02:57:02,193,가락대림,245523,coalition,4127881,486,trade,매매,230000,0,23.0,False,송파구,가락동,5동,11,120.96,36.59,144.11,144,44,,특올수리.재건축추진중,3,동일호중복,partner,True,False,https://www.zigbang.com/home/apt/items/245523
2026-08-16 02:57:02,193,가락대림,242752,coalition,4127886,486,trade,매매,230000,0,23.0,False,송파구,가락동,5동,12,120.96,36.59,144.11,144,44,,경찰병원역 가락시장역 10분 거리,3,동일호중복,partner,True,False,https://www.zigbang.com/home/apt/items/242752
2026-08-16 02:57:02,17517,가락스타클래스,50060495,zigbang,6730832,171210,trade,매매,165000,0,16.5,False,송파구,가락동,1동,10,84.98,25.71,110.29,110D,33D,,"올확장형, 주방남향테라스, 주차2대이상, 주인거주",1,단독매물,self_ad,False,False,https://www.zigbang.com/home/apt/items/50060495
2026-08-16 02:57:02,17517,가락스타클래스,50060507,zigbang,6730863,171209,trade,매매,170000,0,17.0,False,송파구,가락동,1동,중,84.97,25.7,110.28,110C,33C,,"주인거주, 안방붙박이장, 남향테라스, 주차2대, 입주협의",1,단독매물,self_ad,False,False,https://www.zigbang.com/home/apt/items/50060507
2026-08-16 02:57:02,17517,가락스타클래스,50060502,zigbang,6730839,171208,trade,매매,170000,0,17.0,False,송파구,가락동,1동,고,84.93,25.69,110.23,110B,33B,,"탁트인 롯데타워전망, 주인거주중, 주차편리, 입지굿",1,단독매물,self_ad,False,False,https://www.zigbang.com/home/apt/items/50060502
2026-08-16 02:57:02,804,가락쌍용1차,49446898,zigbang,12733486,146756,trade,매매,260000,0,26.0,False,송파구,가락동,101동,저,84.69,25.62,110.67,110,33,,"살고싶은집, 리모델링후 40평됨, 채광좋고 바람솔솔",1,단독매물,self_ad,True,False,https://www.zigbang.com/home/apt/items/49446898
2026-08-16 02:57:02,804,가락쌍용1차,49870038,zigbang,12733583,146756,trade,매매,275000,0,27.5,False,송파구,가락동,102동,고,84.69,25.62,110.67,110,33,,"올확장, 올수리, 완전뻥뷰",1,단독매물,self_ad,False,False,https://www.zigbang.com/home/apt/items/49870038
2026-08-16 02:57:02,804,가락쌍용1차,192136,coalition,12733636,146756,trade,매매,245000,0,24.5,False,송파구,가락동,103동,1,84.69,25.62,110.67,110,33,,확장 올수리 된 로얄동 필로티 1층입니다.,1,단독매물,partner,True,False,https://www.zigbang.com/home/apt/items/192136
2026-08-16 02:57:02,804,가락쌍용1차,207005,coalition,12734214,146756,trade,매매,240000,0,24.0,False,송파구,가락동,202동,2,84.69,25.62,110.67,110,33,,필로티 있는 동. 뷰 좋습니다. 정문 바로 앞동. 남향,1,단독매물,partner,True,False,https://www.zigbang.com/home/apt/items/207005
2026-08-16 02:57:02,804,가락쌍용1차,253628,coalition,12734421,146756,trade,매매,270000,0,27.0,False,송파구,가락동,203동,20,84.69,25.62,110.67,110,33,,"올 리모델링, 올확장, 올수리 완료.",2,동일호중복,partner,True,False,https://www.zigbang.com/home/apt/items/253628
2026-08-16 02:57:02,2917,가락쌍용2차,242553,coalition,933115,6204,trade,매매,200000,0,20.0,False,송파구,가락동,103동,7,84.42,25.54,108.34,108,33,,"거실, 작은방 확장 깔끔하게 관리잘됨",2,동일호중복,partner,True,False,https://www.zigbang.com/home/apt/items/242553
2026-08-16 02:57:02,2918,가락우성1차,50019033,zigbang,933778,6208,charter,전세,44000,0,4.4,False,송파구,가락동,8동,중,43.79,13.25,62.51,62,19,,"입주및 조건조율가능, 신혼부부 환영",1,단독매물,self_ad,False,False,https://www.zigbang.com/home/apt/items/50019033
2026-08-16 02:57:02,2918,가락우성1차,256448,coalition,933911,6208,charter,전세,49000,0,4.9,False,송파구,가락동,8동,1,43.79,13.25,62.51,62,19,,최대확장 최고급 인테리어 올수리,4,동일호중복,partner,True,False,https://www.zigbang.com/home/apt/items/256448
2026-08-16 02:57:02,9044,성원상떼빌,50019631,zigbang,9112527,93745,trade,매매,172000,0,17.2,False,송파구,가락동,101동,중,136.24,41.21,170.22,170,51,,"협의입주,에어컨플,방3개,상가많아 살기좋아요",1,단독매물,self_ad,False,False,https://www.zigbang.com/home/apt/items/50019631
2026-08-16 02:57:02,9044,성원상떼빌,49871324,zigbang,9112602,93732,trade,매매,129000,0,12.9,False,송파구,가락동,102동,중,90.7,27.44,113.32,113,34,,"급매, 최저가, 올수리",1,단독매물,self_ad,False,False,https://www.zigbang.com/home/apt/items/49871324
2026-08-16 02:57:02,9044,성원상떼빌,236008,coalition,9112657,93735,trade,매매,140000,0,14.0,True,송파구,가락동,102동,9,101.52,30.71,126.84,126,38,,"교통, 음식점, 병원  매우 편리. 깨끗 튼튼. 전망트임",3,동일호중복,partner,True,False,https://www.zigbang.com/home/apt/items/236008
2026-08-16 02:57:02,9044,성원상떼빌,49737223,zigbang,9112647,93735,trade,매매,143000,0,14.3,False,송파구,가락동,102동,저,101.52,30.71,126.84,126,38,,"급매, 집상태좋음, 교통편리",1,단독매물,self_ad,False,False,https://www.zigbang.com/home/apt/items/49737223
2026-08-16 02:57:02,9044,성원상떼빌,49963973,zigbang,9112680,93736,trade,매매,145000,0,14.5,False,송파구,가락동,102동,저,103.96,31.45,129.88,129,39,,"27.2월입주,역세권",1,단독매물,self_ad,False,False,https://www.zigbang.com/home/apt/items/49963973
2026-08-16 02:57:02,9044,성원상떼빌,243559,coalition,9112470,93741,trade,매매,165000,0,16.5,False,송파구,가락동,102동,7,117.16,35.44,146.38,146,44,,2개 역세권이고 경찰병원과 지역 상가등 생활 매우 편리,1,단독매물,partner,True,False,https://www.zigbang.com/home/apt/items/243559
2026-08-16 02:57:02,11983,송파가락두산위브센티움,194494,coalition,7982159,230231,trade,매매,27000,0,2.7,False,송파구,가락동,1동,10,33.1,10.01,47.14,47B,14B,,[면적상 토허제 문제없이 매수가능 확인완료],1,단독매물,partner,True,False,https://www.zigbang.com/home/apt/items/194494
2026-08-16 02:57:02,9045,한화오벨리스크,213541,coalition,12465051,166213,trade,매매,18700,0,1.87,False,송파구,가락동,1동,20,25.32,7.66,36.04,36,11,,월세 1000/75 승계 조건,1,단독매물,partner,True,False,https://www.zigbang.com/home/apt/items/213541
2026-08-16 02:57:02,9045,한화오벨리스크,224644,coalition,12465056,166216,trade,매매,60000,0,6.0,False,송파구,가락동,1동,20,48.8,14.76,69.47,69,21,,가락동 경찰병원역 ,2,동일호중복,partner,True,False,https://www.zigbang.com/home/apt/items/224644
2026-08-16 02:57:02,38487,헬리오시티,49723223,zigbang,12962183,161670,trade,매매,288000,0,28.8,False,송파구,가락동,101동,고,84.96,25.7,107.66,107J1,32J1,,"33,초급매,갭투,무주택자매수가,해누리초중,강추매물",1,단독매물,self_ad,False,False,https://www.zigbang.com/home/apt/items/49723223
2026-08-16 02:57:02,38487,헬리오시티,49209193,zigbang,12962177,161670,trade,매매,288000,0,28.8,False,송파구,가락동,101동,고,84.96,25.7,107.66,107J1,32J1,,"33, 높은 세안고, 무주택자매수 , 남향, 해누리학군, ",1,단독매물,self_ad,False,False,https://www.zigbang.com/home/apt/items/49209193
2026-08-16 02:57:02,38487,헬리오시티,49084331,zigbang,12962172,161671,trade,매매,295000,0,29.5,False,송파구,가락동,101동,고,84.96,25.7,107.66,107J2,32J2,,33급매 입주물건 정남향 판상형 조용하고 아늑한동 ,1,단독매물,self_ad,False,False,https://www.zigbang.com/home/apt/items/49084331
2026-08-16 02:57:02,38487,헬리오시티,49863584,zigbang,12962171,161670,trade,매매,296000,0,29.6,False,송파구,가락동,101동,고,84.96,25.7,107.66,107J1,32J1,,"33,해누리학군,전망좋은집,전세끼고,27년2월입주가,조정가",1,단독매물,self_ad,False,False,https://www.zigbang.com/home/apt/items/49863584
2026-08-16 02:57:02,38487,헬리오시티,49708876,zigbang,12962456,161676,trade,매매,340000,0,34.0,False,송파구,가락동,104동,저,110.44,33.41,141.08,141B,43B,,"42, 해누리학군, 예쁜 정원뷰, 입주",1,단독매물,self_ad,False,False,https://www.zigbang.com/home/apt/items/49708876
2026-08-16 02:57:02,38487,헬리오시티,48988558,zigbang,12962464,161676,trade,매매,340000,0,34.0,False,송파구,가락동,104동,저,110.44,33.41,141.08,141B,43B,,42 주인의뢰 탁트인전망 거실양창구조 올확장 시스템에어컨,1,단독매물,self_ad,False,False,https://www.zigbang.com/home/apt/items/48988558
2026-08-16 02:57:02,38487,헬리오시티,49708771,zigbang,12962492,161676,trade,매매,350000,0,35.0,False,송파구,가락동,104동,중,110.44,33.41,141.08,141B,43B,,"42, 입주, 남향 ,탄천뷰, 해누리학군",1,단독매물,self_ad,False,False,https://www.zigbang.com/home/apt/items/49708771
2026-08-16 02:57:02,38487,헬리오시티,49736195,zigbang,12962498,161675,rental,월세,30000,500,3.0,False,송파구,가락동,104동,중,110.66,33.47,140.26,140A,42A,,42귀한월세 남향 탁트인뷰 올확장 방확장 풀에어컨 장기거주,1,단독매물,self_ad,False,False,https://www.zigbang.com/home/apt/items/49736195
2026-08-16 02:57:02,38487,헬리오시티,49415009,zigbang,12962547,161675,rental,월세,30000,560,3.0,False,송파구,가락동,104동,고,110.66,33.47,140.26,140A,42A,,"42, 남향, 판상형, 여름 시원, 겨울 따뜻한 집, ",1,단독매물,self_ad,False,False,https://www.zigbang.com/home/apt/items/49415009
2026-08-16 02:57:02,38487,헬리오시티,49966102,zigbang,12962788,161665,trade,매매,270000,0,27.0,False,송파구,가락동,106동,중,84.98,25.71,109.73,109E,33E,,34  채광좋음 컨디션좋음 8호선송파역세권,1,단독매물,self_ad,False,False,https://www.zigbang.com/home/apt/items/49966102
2026-08-16 02:57:02,38487,헬리오시티,49642666,zigbang,12962725,161664,charter,전세,133000,0,13.3,False,송파구,가락동,106동,저,84.99,25.71,110.1,110D,33D,,33귀한전세 파크밴드뷰 편안한 단지 올확장 수납공간많음,1,단독매물,self_ad,False,False,https://www.zigbang.com/home/apt/items/49642666
2026-08-16 02:57:02,38487,헬리오시티,48502942,zigbang,12963058,161674,trade,매매,320000,0,32.0,False,송파구,가락동,108동,중,99.6,30.13,126.35,126,38,,38추천급매 남향 채광조망최고 올확장 풀에어컨,1,단독매물,self_ad,False,False,https://www.zigbang.com/home/apt/items/48502942
2026-08-16 02:57:02,38487,헬리오시티,49352561,zigbang,12963134,161665,trade,매매,302000,0,30.2,False,송파구,가락동,109동,저,84.98,25.71,109.73,109E,33E,,33강추 삼면창거실넓은타입 정원뷰 올확장 풀에어컨,1,단독매물,self_ad,False,False,https://www.zigbang.com/home/apt/items/49352561
2026-08-16 02:57:02,38487,헬리오시티,48988446,zigbang,12963262,161675,trade,매매,335000,0,33.5,False,송파구,가락동,110동,저,110.66,33.47,140.26,140A,42A,,42강추 정남향 입주물건 리조트뷰 올확장 풀에어컨 ,1,단독매물,self_ad,False,False,https://www.zigbang.com/home/apt/items/48988446
2026-08-16 02:57:02,38487,헬리오시티,49675639,zigbang,12963468,161674,charter,전세,160000,0,16.0,False,송파구,가락동,111동,중,99.6,30.13,126.35,126,38,,38귀한전세 방4화2 남향 4계절자연액자뷰 올학장 풀에어컨,1,단독매물,self_ad,False,False,https://www.zigbang.com/home/apt/items/49675639
2026-08-16 02:57:02,38487,헬리오시티,49455805,zigbang,12963462,161676,rental,월세,20000,550,2.0,False,송파구,가락동,111동,중,110.44,33.41,141.08,141B,43B,,42강추월세 법인가능 4계절 멋진탄천뷰 올확장 풀에어컨,1,단독매물,self_ad,False,False,https://www.zigbang.com/home/apt/items/49455805
2026-08-16 02:57:02,38487,헬리오시티,48559300,zigbang,12963411,161675,rental,월세,40000,500,4.0,False,송파구,가락동,111동,저,110.66,33.47,140.26,140A,42A,,42추천 자연을품은 최고의뷰 방4 화2 올확장 풀에어컨,1,단독매물,self_ad,False,False,https://www.zigbang.com/home/apt/items/48559300
2026-08-16 02:57:02,38487,헬리오시티,49780031,zigbang,12963647,161666,rental,월세,60000,280,6.0,False,송파구,가락동,112동,고,84.95,25.7,110.17,110F,33F,,"33, 해누리 학군, 4베이 구조, 넓은 드레스룸, 주방",1,단독매물,self_ad,False,False,https://www.zigbang.com/home/apt/items/49780031
2026-08-16 02:57:02,38487,헬리오시티,49737293,zigbang,12963659,161666,rental,월세,60000,300,6.0,False,송파구,가락동,112동,고,84.95,25.7,110.17,110F,33F,,"33, 해누리 학군, 풀에어컨, 넓은 드레스룸과 주방 인기",1,단독매물,self_ad,False,False,https://www.zigbang.com/home/apt/items/49737293
2026-08-16 02:57:02,38487,헬리오시티,49949490,zigbang,12963771,161664,trade,매매,300000,0,30.0,False,송파구,가락동,201동,고,84.99,25.71,110.1,110D,33D,,"33,남향,풀옵션 인테리어,9월말부터 입주가",1,단독매물,self_ad,False,False,https://www.zigbang.com/home/apt/items/49949490
2026-08-16 02:57:02,38487,헬리오시티,47616240,zigbang,12963715,161664,trade,매매,310000,0,31.0,False,송파구,가락동,201동,중,84.99,25.71,110.1,110D,33D,,33주인직접의뢰 남향거실넓은구조 뷰맛집 풀에어컨 인테리어굿,1,단독매물,self_ad,False,False,https://www.zigbang.com/home/apt/items/47616240
2026-08-16 02:57:02,38487,헬리오시티,49819184,zigbang,12963692,161664,rental,월세,20000,440,2.0,False,송파구,가락동,201동,저,84.99,25.71,110.1,110D,33D,,"33, 남향, 풀에어컨, 날짜협의 가능, 커뮤니티이용 편리",1,단독매물,self_ad,False,False,https://www.zigbang.com/home/apt/items/49819184
2026-08-16 02:57:02,38487,헬리오시티,50067685,zigbang,12963764,161664,rental,월세,50000,320,5.0,False,송파구,가락동,201동,고,84.99,25.71,110.1,110D,33D,,"33,남향,전망좋은집,해누리초중,보증금2억부터조정가입주협의",1,단독매물,self_ad,False,False,https://www.zigbang.com/home/apt/items/50067685
2026-08-16 02:57:02,38487,헬리오시티,49755621,zigbang,12963852,161665,trade,매매,295000,0,29.5,False,송파구,가락동,202동,중,84.98,25.71,109.73,109E,33E,,"33,파크밴드 전망좋은집,에어컨풀",2,동일호중복,self_ad,False,False,https://www.zigbang.com/home/apt/items/49755621
2026-08-16 02:57:02,38487,헬리오시티,47623477,zigbang,12963804,161665,trade,매매,300000,0,30.0,False,송파구,가락동,202동,저,84.98,25.71,109.73,109E,33E,,33주인직접의뢰 거실삼면창 선호높은타입 올확장 풀에어컨,1,단독매물,self_ad,False,False,https://www.zigbang.com/home/apt/items/47623477
2026-08-16 02:57:02,38487,헬리오시티,49621483,zigbang,12963911,161666,charter,전세,135000,0,13.5,False,송파구,가락동,202동,고,84.95,25.7,110.17,110F,33F,,33귀한전세 거실주방넓은 선호타입 올확장 풀에어컨,1,단독매물,self_ad,False,False,https://www.zigbang.com/home/apt/items/49621483
2026-08-16 02:57:02,38487,헬리오시티,49711761,zigbang,12963830,161664,rental,월세,30000,390,3.0,False,송파구,가락동,202동,중,84.99,25.71,110.1,110D,33D,,"33, 남향, 가락초, 풀에어컨, 풀옵션, 커뮤니티 인접",1,단독매물,self_ad,False,False,https://www.zigbang.com/home/apt/items/49711761
2026-08-16 02:57:02,38487,헬리오시티,49820189,zigbang,12963872,161665,rental,월세,70000,240,7.0,False,송파구,가락동,202동,중,84.98,25.71,109.73,109E,33E,,"33,파크밴드뷰,에어컨풀,가락초학군",1,단독매물,self_ad,False,False,https://www.zigbang.com/home/apt/items/49820189
2026-08-16 02:57:02,38487,헬리오시티,47637625,zigbang,12964003,161664,trade,매매,305000,0,30.5,False,송파구,가락동,203동,고,84.99,25.71,110.1,110D,33D,,33강추 파크밴드  정남향 채광조망굿 올확장 풀에어컨,1,단독매물,self_ad,False,False,https://www.zigbang.com/home/apt/items/47637625
2026-08-16 02:57:02,38487,헬리오시티,49794655,zigbang,12963944,161664,rental,월세,30000,400,3.0,False,송파구,가락동,203동,중,84.99,25.71,110.1,110D,33D,,"33, 남향, 가락초, 풀옵션, 커뮤니티 이용편리",1,단독매물,self_ad,False,False,https://www.zigbang.com/home/apt/items/49794655
2026-08-16 02:57:02,38487,헬리오시티,49633181,zigbang,12964119,161666,rental,월세,20000,440,2.0,False,송파구,가락동,204동,고,84.95,25.7,110.17,110F,33F,,"33, 단지 중앙 위치, 커뮤니티 이용 편리, 귀한 월세",1,단독매물,self_ad,False,False,https://www.zigbang.com/home/apt/items/49633181
2026-08-16 02:57:02,38487,헬리오시티,49628952,zigbang,12964052,161665,rental,월세,50000,320,5.0,False,송파구,가락동,204동,저,84.98,25.71,109.73,109E,33E,,"33, 단지 중앙 위치, 삼면창 넓은 거실, 파크밴드뷰",1,단독매물,self_ad,False,False,https://www.zigbang.com/home/apt/items/49628952
2026-08-16 02:57:02,38487,헬리오시티,49815992,zigbang,12964244,161674,charter,전세,150000,0,15.0,False,송파구,가락동,205동,고,99.6,30.13,126.35,126,38,,"38,단지중앙,커뮤니티이용편리,에어컨풀,9월말10월초협의",1,단독매물,self_ad,False,False,https://www.zigbang.com/home/apt/items/49815992
2026-08-16 02:57:02,38487,헬리오시티,49591581,zigbang,12964218,161674,charter,전세,150000,0,15.0,False,송파구,가락동,205동,중,99.6,30.13,126.35,126,38,,38귀한전세 정남향 커뮤니티이용편리 올확장 풀에어컨,1,단독매물,self_ad,False,False,https://www.zigbang.com/home/apt/items/49591581
2026-08-16 02:57:02,38487,헬리오시티,49799102,zigbang,12964233,161674,charter,전세,155000,0,15.5,False,송파구,가락동,205동,중,99.6,30.13,126.35,126,38,,"38, 남향 판상형, 햇볕 통풍 굿, 커뮤니티 이용편리",1,단독매물,self_ad,False,False,https://www.zigbang.com/home/apt/items/49799102
2026-08-16 02:57:02,38487,헬리오시티,49773852,zigbang,12964224,161674,charter,전세,155000,0,15.5,False,송파구,가락동,205동,중,99.6,30.13,126.35,126,38,,38귀한전세 단지중앙 남향 커뮤니티이용매우편리 풀에어컨,1,단독매물,self_ad,False,False,https://www.zigbang.com/home/apt/items/49773852
2026-08-16 02:57:02,38487,헬리오시티,49666786,zigbang,12964447,161672,trade,매매,294000,0,29.4,False,송파구,가락동,207동,저,84.98,25.71,108.01,108K,33K,,33강추 급매 주인거주중 입주협의 판상형 올확장 풀에어컨,1,단독매물,self_ad,False,False,https://www.zigbang.com/home/apt/items/49666786
2026-08-16 02:57:02,38487,헬리오시티,50067193,zigbang,12964437,161672,trade,매매,295000,0,29.5,False,송파구,가락동,207동,4,84.98,25.71,108.01,108K,33K,,"33,전망좋은집,주인거주로 관리잘된집,빠른입주가",1,단독매물,self_ad,True,False,https://www.zigbang.com/home/apt/items/50067193
2026-08-16 02:57:02,38487,헬리오시티,49949617,zigbang,12964442,161672,trade,매매,295000,0,29.5,False,송파구,가락동,207동,저,84.98,25.71,108.01,108K,33K,,"33,관리잘된집,빠른입주가,입주되는 가장 가성비최고인집",1,단독매물,self_ad,False,False,https://www.zigbang.com/home/apt/items/49949617
2026-08-16 02:57:02,38487,헬리오시티,49786135,zigbang,12964498,161661,charter,전세,130000,0,13.0,False,송파구,가락동,207동,중,84.98,25.71,107.97,107A,32A,,"33, 판상형 통풍 햇볕굿, 해누리학군, 풀에어컨",1,단독매물,self_ad,False,False,https://www.zigbang.com/home/apt/items/49786135
2026-08-16 02:57:02,38487,헬리오시티,49722913,zigbang,12964489,161661,charter,전세,130000,0,13.0,False,송파구,가락동,207동,중,84.98,25.71,107.97,107A,32A,,"33,에어컨풀,관리잘된집,가락초,보증금조정가",1,단독매물,self_ad,False,False,https://www.zigbang.com/home/apt/items/49722913
2026-08-16 02:57:02,38487,헬리오시티,49716683,zigbang,12964493,161661,charter,전세,130000,0,13.0,False,송파구,가락동,207동,중,84.98,25.71,107.97,107A,32A,,33귀한전세 남향판상형 계약가능실매물 올확장 풀에어컨,1,단독매물,self_ad,False,False,https://www.zigbang.com/home/apt/items/49716683
2026-08-16 02:57:02,38487,헬리오시티,49060891,zigbang,12964444,161661,charter,전세,133000,0,13.3,False,송파구,가락동,207동,저,84.98,25.71,107.97,107A,32A,,33귀한전세 남향 공원뷰 올확장 풀에어컨,1,단독매물,self_ad,False,False,https://www.zigbang.com/home/apt/items/49060891
2026-08-16 02:57:02,38487,헬리오시티,49815754,zigbang,12964554,161661,rental,월세,70000,240,7.0,False,송파구,가락동,207동,고,84.98,25.71,107.97,107A,32A,,33 남향 바로계약가능 보증금조정가 올확장 풀에어컨,1,단독매물,self_ad,False,False,https://www.zigbang.com/home/apt/items/49815754
2026-08-16 02:57:02,38487,헬리오시티,49815633,zigbang,12964553,161661,rental,월세,80000,200,8.0,False,송파구,가락동,207동,고,84.98,25.71,107.97,107A,32A,,33강추 보증금6억부터가능 남향 켜뮤니티이용편리 장기거주가,1,단독매물,self_ad,False,False,https://www.zigbang.com/home/apt/items/49815633
2026-08-16 02:57:02,38487,헬리오시티,50066887,zigbang,12964609,161665,trade,매매,290000,0,29.0,False,송파구,가락동,208동,저,84.98,25.71,109.73,109E,33E,,"33,관리잘된집,높은전세안고,해누리초중,28년초,가격조정가",1,단독매물,self_ad,False,False,https://www.zigbang.com/home/apt/items/50066887
2026-08-16 02:57:02,38487,헬리오시티,49722566,zigbang,12964652,161666,trade,매매,300000,0,30.0,False,송파구,가락동,208동,중,84.95,25.7,110.17,110F,33F,,"채광조망권굿,에어컨풀, 커뮤니티이용편리,주인직접",1,단독매물,self_ad,True,False,https://www.zigbang.com/home/apt/items/49722566
2026-08-16 02:57:02,38487,헬리오시티,49724655,zigbang,12964652,161666,charter,전세,130000,0,13.0,False,송파구,가락동,208동,중,84.95,25.7,110.17,110F,33F,,"33,햇살좋은집,에어컨풀,중문,안방붙박이장",1,단독매물,self_ad,False,False,https://www.zigbang.com/home/apt/items/49724655
2026-08-16 02:57:02,38487,헬리오시티,49949475,zigbang,12964820,161652,trade,매매,201000,0,20.1,False,송파구,가락동,209동,중,39.1,11.83,61.37,61A,18A,,18강추 입주협의 커뮤니티이용편리 올확장 풀에어컨,1,단독매물,self_ad,False,False,https://www.zigbang.com/home/apt/items/49949475
2026-08-16 02:57:02,38487,헬리오시티,49723521,zigbang,12964826,161652,trade,매매,205000,0,20.5,False,송파구,가락동,209동,중,39.1,11.83,61.37,61A,18A,,"18,남향,가성비최고,단지내수영장외 사우나,골프외 다양함.",1,단독매물,self_ad,False,False,https://www.zigbang.com/home/apt/items/49723521
2026-08-16 02:57:02,38487,헬리오시티,49670766,zigbang,12964807,161652,trade,매매,205000,0,20.5,False,송파구,가락동,209동,중,39.1,11.83,61.37,61A,18A,,18남향 트인뷰 신혼강추 입주 강남이동편리 올확장 풀에어컨,1,단독매물,self_ad,False,False,https://www.zigbang.com/home/apt/items/49670766
2026-08-16 02:57:02,38487,헬리오시티,49926173,zigbang,12964826,161652,charter,전세,83000,0,8.3,False,송파구,가락동,209동,중,39.1,11.83,61.37,61A,18A,,"18,에어컨풀,귀한전세,신혼추천,입주협의",1,단독매물,self_ad,False,False,https://www.zigbang.com/home/apt/items/49926173
2026-08-16 02:57:02,38487,헬리오시티,49751377,zigbang,12964824,161653,charter,전세,85000,0,8.5,False,송파구,가락동,209동,중,39.12,11.83,61.53,61B,18B,,"18. 귀한 전세. 방이 넓은 타입, 커뮤니티 이용편리",1,단독매물,self_ad,False,False,https://www.zigbang.com/home/apt/items/49751377
2026-08-16 02:57:02,38487,헬리오시티,50068183,zigbang,12964826,161652,rental,월세,10000,275,1.0,False,송파구,가락동,209동,중,39.1,11.83,61.37,61A,18A,,"18,남향,전망좋은집,신축급,입주협의",1,단독매물,self_ad,False,False,https://www.zigbang.com/home/apt/items/50068183
2026-08-16 02:57:02,38487,헬리오시티,49949281,zigbang,12964995,161652,trade,매매,205000,0,20.5,False,송파구,가락동,210동,고,39.1,11.83,61.37,61A,18A,,18강추급매 남향 신혼부부추천 올확장 풀에어컨 ,1,단독매물,self_ad,False,False,https://www.zigbang.com/home/apt/items/49949281
2026-08-16 02:57:02,38487,헬리오시티,49795101,zigbang,12965049,161654,charter,전세,85000,0,8.5,False,송파구,가락동,211동,중,39.86,12.06,62.46,62C,19C,,18강추전세 평면잘나온타입 거실주방분리구조 올확장 풀에어컨,1,단독매물,self_ad,False,False,https://www.zigbang.com/home/apt/items/49795101
2026-08-16 02:57:02,38487,헬리오시티,49429001,zigbang,12965148,161654,trade,매매,215000,0,21.5,False,송파구,가락동,212동,고,39.86,12.06,62.46,62C,19C,,"18평, 귀한 계단형 타입, 신혼부부추천,  단지중앙위치",1,단독매물,self_ad,False,False,https://www.zigbang.com/home/apt/items/49429001
2026-08-16 02:57:02,38487,헬리오시티,49751435,zigbang,12965123,161654,charter,전세,85000,0,8.5,False,송파구,가락동,212동,중,39.86,12.06,62.46,62C,19C,,"18, 계단식,  귀한 C타입 전세, 신혼부부 인기",1,단독매물,self_ad,False,False,https://www.zigbang.com/home/apt/items/49751435
2026-08-16 02:57:02,38487,헬리오시티,49972052,zigbang,12965120,161654,rental,월세,40000,180,4.0,False,송파구,가락동,212동,중,39.86,12.06,62.46,62C,19C,,"18,  귀한 C타입 월세,  커뮤니티 이용편리, ",1,단독매물,self_ad,True,False,https://www.zigbang.com/home/apt/items/49972052
2026-08-16 02:57:02,38487,헬리오시티,47623531,zigbang,12965224,161666,trade,매매,300000,0,30.0,True,송파구,가락동,213동,중,84.95,25.7,110.17,110F,33F,,33강추 주방거실구조넓은 선호타입 올확장 풀에어컨,2,동일호중복,self_ad,False,False,https://www.zigbang.com/home/apt/items/47623531
2026-08-16 02:57:02,38487,헬리오시티,49668542,zigbang,12965193,161665,trade,매매,305000,0,30.5,False,송파구,가락동,213동,중,84.98,25.71,109.73,109E,33E,,"33, 단지 중앙위치, 삼면 거실창 개방감좋음, 넓은거실",1,단독매물,self_ad,False,False,https://www.zigbang.com/home/apt/items/49668542
2026-08-16 02:57:02,38487,헬리오시티,46815166,zigbang,12965198,161664,trade,매매,330000,0,33.0,False,송파구,가락동,213동,중,84.99,25.71,110.1,110D,33D,,남향집.조망권 최고,1,단독매물,self_ad,True,False,https://www.zigbang.com/home/apt/items/46815166
2026-08-16 02:57:02,38487,헬리오시티,48644184,zigbang,12965222,161664,rental,월세,70000,240,7.0,False,송파구,가락동,213동,중,84.99,25.71,110.1,110D,33D,,33특급추천 남향 뻥뷰 통풍굿 바로계약가능 올확장 풀에어컨,1,단독매물,self_ad,False,False,https://www.zigbang.com/home/apt/items/48644184
2026-08-16 02:57:02,38487,헬리오시티,50068094,zigbang,12965307,161660,trade,매매,280000,0,28.0,False,송파구,가락동,214동,중,59.96,18.14,84.1,84,25,,"25,시원한전망 좋은집,에어컨풀,입주협의",1,단독매물,self_ad,True,False,https://www.zigbang.com/home/apt/items/50068094
2026-08-16 02:57:02,38487,헬리오시티,49723101,zigbang,12965392,161660,trade,매매,280000,0,28.0,False,송파구,가락동,215동,고,59.96,18.14,84.1,84,25,,"25,임차인끼고매매,무주택자매수가능",1,단독매물,self_ad,False,False,https://www.zigbang.com/home/apt/items/49723101
2026-08-16 02:57:02,38487,헬리오시티,49755305,zigbang,12965394,161660,charter,전세,108000,0,10.8,False,송파구,가락동,215동,고,59.96,18.14,84.1,84,25,,"25, 남향, 판상형, 트인뷰, 햇볕, 통풍 굿",1,단독매물,self_ad,False,False,https://www.zigbang.com/home/apt/items/49755305
2026-08-16 02:57:02,38487,헬리오시티,49113806,zigbang,12965446,161660,charter,전세,110000,0,11.0,False,송파구,가락동,216동,고,59.96,18.14,84.1,84,25,,25귀한전세 주인의뢰 방3화2 빠른입주 붙박이장 올확장 ,1,단독매물,self_ad,True,False,https://www.zigbang.com/home/apt/items/49113806
2026-08-16 02:57:02,38487,헬리오시티,50066964,zigbang,12965523,161661,trade,매매,289000,0,28.9,False,송파구,가락동,217동,중,84.98,25.71,107.97,107A,32A,,"33,시원한 전망,에어컨풀,해누리초중,빠른입주가,조건협의가",1,단독매물,self_ad,False,False,https://www.zigbang.com/home/apt/items/50066964
2026-08-16 02:57:02,38487,헬리오시티,49483717,zigbang,12965649,161664,trade,매매,284000,0,28.4,False,송파구,가락동,218동,중,84.99,25.71,110.1,110D,33D,,"33D, 남향 해누리학군 에어컨풀 탁트인탄천뷰",1,단독매물,self_ad,False,False,https://www.zigbang.com/home/apt/items/49483717
2026-08-16 02:57:02,38487,헬리오시티,49723385,zigbang,12965700,161664,trade,매매,288000,0,28.8,False,송파구,가락동,218동,고,84.99,25.71,110.1,110D,33D,,"33,무주택자매수가,관리잘된집,해누리초중",1,단독매물,self_ad,False,False,https://www.zigbang.com/home/apt/items/49723385
2026-08-16 02:57:02,38487,헬리오시티,49352602,zigbang,12965638,161666,trade,매매,304000,0,30.4,False,송파구,가락동,218동,중,84.95,25.7,110.17,110F,33F,,33계약가능매물 거실주방넓은타입 수납공간굿 올확장 풀에어컨,1,단독매물,self_ad,False,False,https://www.zigbang.com/home/apt/items/49352602
2026-08-16 02:57:02,38487,헬리오시티,48440781,zigbang,12966106,161661,trade,매매,295000,0,29.5,False,송파구,가락동,304동,중,84.98,25.71,107.97,107A,32A,,33 전세안고 갭투자가능 최적물건 남향 판상형 풀에어컨 ,1,단독매물,self_ad,False,False,https://www.zigbang.com/home/apt/items/48440781
2026-08-16 02:57:02,38487,헬리오시티,48684451,zigbang,12966109,161661,trade,매매,300000,0,30.0,False,송파구,가락동,304동,중,84.98,25.71,107.97,107A,32A,,33다주택급매 전세안고매매 남향판상형 바로계약가능 풀에어컨,1,단독매물,self_ad,False,False,https://www.zigbang.com/home/apt/items/48684451
2026-08-16 02:57:02,38487,헬리오시티,50039096,zigbang,12966498,161673,rental,월세,70000,260,7.0,False,송파구,가락동,306동,중,84.97,25.7,108.72,108L,33L,,"33, 귀한 L타입 월세, 넓은 주방, 드레스룸으로 인기",1,단독매물,self_ad,False,False,https://www.zigbang.com/home/apt/items/50039096
2026-08-16 02:57:02,38487,헬리오시티,49948821,zigbang,12966672,161652,trade,매매,200000,0,20.0,False,송파구,가락동,308동,중,39.1,11.83,61.37,61A,18A,,"18,남향,에어컨풀,귀한소형,가락초",1,단독매물,self_ad,False,False,https://www.zigbang.com/home/apt/items/49948821
2026-08-16 02:57:02,38487,헬리오시티,50068223,zigbang,12966707,161652,trade,매매,201000,0,20.1,False,송파구,가락동,308동,고,39.1,11.83,61.37,61A,18A,,"18,남향,전망좋은집,전세끼고매매,입주27년7월",1,단독매물,self_ad,False,False,https://www.zigbang.com/home/apt/items/50068223
2026-08-16 02:57:02,38487,헬리오시티,49736275,zigbang,12966706,161653,trade,매매,206000,0,20.6,False,송파구,가락동,308동,중,39.12,11.83,61.53,61B,18B,,18급매 방넓은B타입 신혼부부강추 풀에어컨 바로계약가능,1,단독매물,self_ad,False,False,https://www.zigbang.com/home/apt/items/49736275
2026-08-16 02:57:02,38487,헬리오시티,50068296,zigbang,12966759,161658,trade,매매,250000,0,25.0,False,송파구,가락동,309동,중,49.29,14.91,72.91,72C,22C,,"21,주방거실분리형 선호타입,입주협의",1,단독매물,self_ad,False,False,https://www.zigbang.com/home/apt/items/50068296
2026-08-16 02:57:02,38487,헬리오시티,49796238,zigbang,12966861,161652,trade,매매,201000,0,20.1,False,송파구,가락동,310동,중,39.1,11.83,61.37,61A,18A,,18세안고매매 계약가능실매물 신혼부부추천 올확장 풀에어컨,2,동일호중복,self_ad,False,False,https://www.zigbang.com/home/apt/items/49796238
2026-08-16 02:57:02,38487,헬리오시티,48698679,zigbang,12966873,161652,trade,매매,210000,0,21.0,False,송파구,가락동,310동,중,39.1,11.83,61.37,61A,18A,,18급매 세안고 바로계약가능 주인직접의뢰 올확장 풀에어컨,1,단독매물,self_ad,False,False,https://www.zigbang.com/home/apt/items/48698679
2026-08-16 02:57:02,38487,헬리오시티,49723632,zigbang,12966903,161652,charter,전세,85000,0,8.5,False,송파구,가락동,310동,고,39.1,11.83,61.37,61A,18A,,"18,해잘드는집,신혼강추,대단지커뮤니티",1,단독매물,self_ad,False,False,https://www.zigbang.com/home/apt/items/49723632
2026-08-16 02:57:02,38487,헬리오시티,49786351,zigbang,12966903,161652,rental,월세,10000,280,1.0,False,송파구,가락동,310동,고,39.1,11.83,61.37,61A,18A,,18보증금적은월세 신혼부부강추 아늑한 동 올확장 풀에어컨,1,단독매물,self_ad,False,False,https://www.zigbang.com/home/apt/items/49786351
2026-08-16 02:57:02,38487,헬리오시티,50068275,zigbang,12966940,161658,trade,매매,260000,0,26.0,False,송파구,가락동,311동,저,49.29,14.91,72.91,72C,22C,,"21C,선호타입,계단식 구조잘나온타입,입주협의",1,단독매물,self_ad,True,False,https://www.zigbang.com/home/apt/items/50068275
2026-08-16 02:57:02,38487,헬리오시티,49816327,zigbang,12967062,161675,charter,전세,165000,0,16.5,False,송파구,가락동,312동,중,110.66,33.47,140.26,140A,42A,,"42,전망좋은집,에어컨풀,입주협의,빠른입주가",1,단독매물,self_ad,False,False,https://www.zigbang.com/home/apt/items/49816327
2026-08-16 02:57:02,38487,헬리오시티,49671834,zigbang,12967049,161676,charter,전세,170000,0,17.0,False,송파구,가락동,312동,중,110.44,33.41,141.08,141B,43B,,42 귀한대형전세 주인의뢰 숨은공간확장 수납편리 풀에어컨 ,1,단독매물,self_ad,False,False,https://www.zigbang.com/home/apt/items/49671834
2026-08-16 02:57:02,38487,헬리오시티,49826694,zigbang,12967041,161676,charter,전세,170000,0,17.0,False,송파구,가락동,312동,10,110.44,33.41,141.08,141B,43B,,"42,파크밴드라인 전망좋은집,에어컨풀,해누리학군",2,동일호중복,self_ad,True,False,https://www.zigbang.com/home/apt/items/49826694
2026-08-16 02:57:02,38487,헬리오시티,49816154,zigbang,12967054,161675,rental,월세,130000,160,13.0,False,송파구,가락동,312동,13,110.66,33.47,140.26,140A,42A,,"42,파크밴드라인 전망좋은집,에어컨풀,입주협의",1,단독매물,self_ad,False,False,https://www.zigbang.com/home/apt/items/49816154
2026-08-16 02:57:02,38487,헬리오시티,49816036,zigbang,12967210,161675,charter,전세,160000,0,16.0,False,송파구,가락동,313동,중,110.66,33.47,140.26,140A,42A,,"42,전망좋은집,에어컨풀,입주협의",1,단독매물,self_ad,False,False,https://www.zigbang.com/home/apt/items/49816036
2026-08-16 02:57:02,38487,헬리오시티,49428742,zigbang,12967186,161675,rental,월세,70000,400,7.0,False,송파구,가락동,313동,중,110.66,33.47,140.26,140A,42A,,"42, 풀에어컨 보증금7억에서 10억까지 가능, 학교5분",1,단독매물,self_ad,False,False,https://www.zigbang.com/home/apt/items/49428742
2026-08-16 02:57:02,38487,헬리오시티,48292041,zigbang,12967330,161674,trade,매매,318000,0,31.8,False,송파구,가락동,314동,중,99.6,30.13,126.35,126,38,,38초급매 풀에어컨 주인직접의뢰 인테리어좋아요,1,단독매물,self_ad,False,False,https://www.zigbang.com/home/apt/items/48292041
2026-08-16 02:57:02,38487,헬리오시티,49281701,zigbang,12967335,161674,trade,매매,340000,0,34.0,False,송파구,가락동,314동,중,99.6,30.13,126.35,126,38,,"38, 남향 판상형, 파크밴드뷰, 단지 중앙위치, ",1,단독매물,self_ad,False,False,https://www.zigbang.com/home/apt/items/49281701
2026-08-16 02:57:02,38487,헬리오시티,49826113,zigbang,12967522,161674,trade,매매,360000,0,36.0,False,송파구,가락동,315동,27,99.6,30.13,126.35,126,38,,"38,파크밴드라인,남향,에어컨풀,빠른입주가",1,단독매물,self_ad,True,False,https://www.zigbang.com/home/apt/items/49826113
2026-08-16 02:57:02,38487,헬리오시티,49379126,zigbang,12967523,161676,charter,전세,170000,0,17.0,False,송파구,가락동,315동,27,110.44,33.41,141.08,141B,43B,,42 귀한전세 단지중앙위치 파크밴드뷰 살기편한동 올에어컨,2,동일호중복,self_ad,False,False,https://www.zigbang.com/home/apt/items/49379126
2026-08-16 02:57:02,38487,헬리오시티,49116042,zigbang,12967588,161666,trade,매매,305000,0,30.5,False,송파구,가락동,316동,중,84.95,25.7,110.17,110F,33F,,"33, 입주매매, 파크밴드 뷰가 최고 , 넓은 주방, 옷장",1,단독매물,self_ad,False,False,https://www.zigbang.com/home/apt/items/49116042
2026-08-16 02:57:02,38487,헬리오시티,48763084,zigbang,12967592,161666,trade,매매,310000,0,31.0,True,송파구,가락동,316동,중,84.95,25.7,110.17,110F,33F,,33빠른입주가능 주인직접의뢰 계약가능실매물 올확장 풀에어컨,2,동일호중복,self_ad,False,False,https://www.zigbang.com/home/apt/items/48763084
2026-08-16 02:57:02,38487,헬리오시티,49663243,zigbang,12967557,161665,rental,월세,50000,320,5.0,False,송파구,가락동,316동,저,84.98,25.71,109.73,109E,33E,,"33, 파크밴드뷰, 가락초, 풀에어컨, 컨디션 최상",1,단독매물,self_ad,False,False,https://www.zigbang.com/home/apt/items/49663243
2026-08-16 02:57:02,38487,헬리오시티,49820223,zigbang,12967605,161665,rental,월세,70000,240,7.0,False,송파구,가락동,316동,중,84.98,25.71,109.73,109E,33E,,"33,파크밴드뷰,에어컨풀,살기좋은아파트,가락초",1,단독매물,self_ad,False,False,https://www.zigbang.com/home/apt/items/49820223
2026-08-16 02:57:02,38487,헬리오시티,47764035,zigbang,12968097,161665,trade,매매,300000,0,30.0,False,송파구,가락동,402동,고,84.98,25.71,109.73,109E,33E,,33강추 초역세권 거실매우넓은선호타입 풀에어컨,1,단독매물,self_ad,False,False,https://www.zigbang.com/home/apt/items/47764035
2026-08-16 02:57:02,38487,헬리오시티,49079198,zigbang,12968181,161664,trade,매매,290000,0,29.0,False,송파구,가락동,403동,중,84.99,25.71,110.1,110D,33D,,"33, 입주 급매물, 초역세권 남향, 출퇴근이 행복한 집",1,단독매물,self_ad,False,False,https://www.zigbang.com/home/apt/items/49079198
2026-08-16 02:57:02,38487,헬리오시티,49785899,zigbang,12968162,161666,charter,전세,125000,0,12.5,False,송파구,가락동,403동,중,84.95,25.7,110.17,110F,33F,,"33, 초역세권, 풀에어컨, 넓은 드레스룸, 주방인기",1,단독매물,self_ad,False,False,https://www.zigbang.com/home/apt/items/49785899
2026-08-16 02:57:02,38487,헬리오시티,49716077,zigbang,12968219,161665,charter,전세,134000,0,13.4,False,송파구,가락동,403동,고,84.98,25.71,109.73,109E,33E,,33초초역세권 귀한전세 넓은거실 올확장 풀에어컨 살기편한동,1,단독매물,self_ad,False,False,https://www.zigbang.com/home/apt/items/49716077
2026-08-16 02:57:02,38487,헬리오시티,49950747,zigbang,12968294,161664,trade,매매,305000,0,30.5,False,송파구,가락동,404동,중,84.99,25.71,110.1,110D,33D,,"33,초역세권,내집앞 지하철,남향,전망좋은집,빠른입주가협의",1,단독매물,self_ad,False,False,https://www.zigbang.com/home/apt/items/49950747
2026-08-16 02:57:02,38487,헬리오시티,49722313,zigbang,12968274,161664,trade,매매,310000,0,31.0,False,송파구,가락동,404동,중,84.99,25.71,110.1,110D,33D,,"33,송파역초역세권,상가이용편리,빠른입주가",1,단독매물,self_ad,False,False,https://www.zigbang.com/home/apt/items/49722313
2026-08-16 02:57:02,38487,헬리오시티,49344299,zigbang,12968270,161664,trade,매매,310000,0,31.0,False,송파구,가락동,404동,중,84.99,25.71,110.1,110D,33D,,33초역세권 주인의뢰 입주 실매물 남향 탁트인뷰 풀에어컨,1,단독매물,self_ad,False,False,https://www.zigbang.com/home/apt/items/49344299
2026-08-16 02:57:02,38487,헬리오시티,49885254,zigbang,12968276,161666,charter,전세,120000,0,12.0,False,송파구,가락동,404동,중,84.95,25.7,110.17,110F,33F,,"33, 초역세권, 4베이, 넓은 드레스룸, 주방인기",1,단독매물,self_ad,False,False,https://www.zigbang.com/home/apt/items/49885254
2026-08-16 02:57:02,38487,헬리오시티,49818878,zigbang,12968296,161666,charter,전세,125000,0,12.5,False,송파구,가락동,404동,중,84.95,25.7,110.17,110F,33F,,33귀한전세 초초역세권 거실주방선호구조 올확장 풀에어컨,1,단독매물,self_ad,False,False,https://www.zigbang.com/home/apt/items/49818878
2026-08-16 02:57:02,38487,헬리오시티,50067657,zigbang,12968298,161664,rental,월세,60000,300,6.0,False,송파구,가락동,404동,중,84.99,25.71,110.1,110D,33D,,"33,초역세권,출퇴근편리,가락초,입주조정가",1,단독매물,self_ad,False,False,https://www.zigbang.com/home/apt/items/50067657
2026-08-16 02:57:02,38487,헬리오시티,49885310,zigbang,12968276,161666,rental,월세,100000,90,10.0,False,송파구,가락동,404동,중,84.95,25.7,110.17,110F,33F,,"33, 초역세권, 넓은 드레스룸, 주방인기, 상가인접편리",1,단독매물,self_ad,False,False,https://www.zigbang.com/home/apt/items/49885310
2026-08-16 02:57:02,38487,헬리오시티,49815587,zigbang,12968366,161674,charter,전세,155000,0,15.5,False,송파구,가락동,405동,저,99.6,30.13,126.35,126,38,,"33, 남향 판상형, 날짜 협의, 정원뷰",1,단독매물,self_ad,False,False,https://www.zigbang.com/home/apt/items/49815587
2026-08-16 02:57:02,38487,헬리오시티,49967246,zigbang,12968406,161674,rental,월세,10000,600,1.0,False,송파구,가락동,405동,중,99.6,30.13,126.35,126,38,,38초역세권 주인의뢰 귀한월세 올확장 풀에어컨 장기거주가,1,단독매물,self_ad,False,False,https://www.zigbang.com/home/apt/items/49967246
2026-08-16 02:57:02,38487,헬리오시티,49263617,zigbang,12968448,161667,rental,월세,10000,460,1.0,False,송파구,가락동,405동,중,84.98,25.71,108.43,108G,33G,,33강추 초역세권 귀한월세 주인의뢰 남향 탁트인뷰 풀에어컨,1,단독매물,self_ad,False,False,https://www.zigbang.com/home/apt/items/49263617
2026-08-16 02:57:02,38487,헬리오시티,49779385,zigbang,12968397,161674,rental,월세,20000,560,2.0,False,송파구,가락동,405동,중,99.6,30.13,126.35,126,38,,38초역세권 법인가능 남향 트인뷰 보증금조정가 풀옵션,1,단독매물,self_ad,False,False,https://www.zigbang.com/home/apt/items/49779385
2026-08-16 02:57:02,38487,헬리오시티,48315019,zigbang,12968586,161663,trade,매매,310000,0,31.0,False,송파구,가락동,406동,중,84.99,25.71,109.87,109C,33C,,33다주택급매 초역세권 풀에어컨 전세27년2월만기 선점기회,1,단독매물,self_ad,False,False,https://www.zigbang.com/home/apt/items/48315019
2026-08-16 02:57:02,38487,헬리오시티,49826778,zigbang,12968633,161680,trade,매매,550000,0,55.0,False,송파구,가락동,406동,29,150.09,45.4,193.96,193C,58C,,"60,남향,팬트하우스,롯데타워뷰,풀옵션",1,단독매물,self_ad,True,False,https://www.zigbang.com/home/apt/items/49826778
2026-08-16 02:57:02,38487,헬리오시티,49967513,zigbang,12968559,161674,rental,월세,20000,550,2.0,False,송파구,가락동,406동,중,99.6,30.13,126.35,126,38,,38초역세권 빠른입주 계약가능실매물 보증금조정가 법인가능,1,단독매물,self_ad,False,False,https://www.zigbang.com/home/apt/items/49967513
2026-08-16 02:57:02,38487,헬리오시티,49457597,zigbang,12968527,161672,rental,월세,40000,350,4.0,False,송파구,가락동,406동,저,84.98,25.71,108.01,108K,33K,,33초특급월세 역세권 정원뷰 거실넓은구조 올확장 풀에어컨,1,단독매물,self_ad,False,False,https://www.zigbang.com/home/apt/items/49457597
2026-08-16 02:57:02,38487,헬리오시티,50068311,zigbang,12968888,161659,trade,매매,255000,0,25.5,False,송파구,가락동,407동,고,49.22,14.89,72.52,72D,22D,,"21,역세권,세안고매매,입주28년",1,단독매물,self_ad,False,False,https://www.zigbang.com/home/apt/items/50068311
2026-08-16 02:57:02,38487,헬리오시티,49398104,zigbang,12969005,161656,trade,매매,248000,0,24.8,False,송파구,가락동,408동,중,49.19,14.88,72.47,72A,22A,,"21, 역세권 입주매물, 신혼부부 인기, 커뮤니티 이용편리",1,단독매물,self_ad,False,False,https://www.zigbang.com/home/apt/items/49398104
2026-08-16 02:57:02,38487,헬리오시티,49778801,zigbang,12969000,161657,trade,매매,249000,0,24.9,False,송파구,가락동,408동,중,49.32,14.92,72.62,72B,22B,,"21,초역세권,에어컨풀,입주가",1,단독매물,self_ad,False,False,https://www.zigbang.com/home/apt/items/49778801
2026-08-16 02:57:02,38487,헬리오시티,49711353,zigbang,12969006,161657,trade,매매,250000,0,25.0,False,송파구,가락동,408동,중,49.32,14.92,72.62,72B,22B,,"21, 역세권, 귀한 입주매물, 방 넓은 B타입, 풀에어컨",1,단독매물,self_ad,False,False,https://www.zigbang.com/home/apt/items/49711353
2026-08-16 02:57:02,38487,헬리오시티,49393654,zigbang,12969012,161657,trade,매매,250000,0,25.0,False,송파구,가락동,408동,고,49.32,14.92,72.62,72B,22B,,"21, 역세권 귀한 B타입, 판상형, 풀에어컨, ",1,단독매물,self_ad,False,False,https://www.zigbang.com/home/apt/items/49393654
2026-08-16 02:57:02,38487,헬리오시티,47770850,zigbang,12969102,161660,rental,월세,20000,350,2.0,False,송파구,가락동,409동,고,59.96,18.14,84.1,84,25,,25강추월세 올확장 풀에어컨 빠른입주가능,1,단독매물,self_ad,False,False,https://www.zigbang.com/home/apt/items/47770850
2026-08-16 02:57:02,38487,헬리오시티,49151572,zigbang,12969060,161660,rental,월세,30000,330,3.0,False,송파구,가락동,409동,저,59.96,18.14,84.1,84,25,,25귀한월세 주인의뢰 방3화2 역세권 살기편한동 올확장,1,단독매물,self_ad,False,False,https://www.zigbang.com/home/apt/items/49151572
2026-08-16 02:57:02,38487,헬리오시티,49227527,zigbang,12969091,161660,rental,월세,80000,140,8.0,False,송파구,가락동,409동,중,59.96,18.14,84.1,84,25,,25선호평형 귀한반전세 올확장 풀에어컨 장기거주가,1,단독매물,self_ad,False,False,https://www.zigbang.com/home/apt/items/49227527
2026-08-16 02:57:02,38487,헬리오시티,49675751,zigbang,12969224,161663,charter,전세,130000,0,13.0,False,송파구,가락동,410동,고,84.99,25.71,109.87,109C,33C,,"33귀한전세, 계약가능실매물 초역세권 올확장 풀에어컨",1,단독매물,self_ad,False,False,https://www.zigbang.com/home/apt/items/49675751
2026-08-16 02:57:02,38487,헬리오시티,49634286,zigbang,12969287,161666,charter,전세,135000,0,13.5,False,송파구,가락동,411동,중,84.95,25.7,110.17,110F,33F,,"33, 초역세권, 가락초, 상가 인접 이용편리. 풀에어컨",1,단독매물,self_ad,False,False,https://www.zigbang.com/home/apt/items/49634286
2026-08-16 02:57:02,38487,헬리오시티,50064203,zigbang,12969297,161664,rental,월세,60000,300,6.0,False,송파구,가락동,411동,중,84.99,25.71,110.1,110D,33D,,"33,초초역세권,귀한월세,입주협의조정가",1,단독매물,self_ad,False,False,https://www.zigbang.com/home/apt/items/50064203
2026-08-16 02:57:02,38487,헬리오시티,49767660,zigbang,12969380,161664,rental,월세,30000,380,3.0,False,송파구,가락동,412동,저,84.99,25.71,110.1,110D,33D,,"33,막힘없는뷰,해잘드는집,가성비최고,보증금조정가,입주협의",1,단독매물,self_ad,False,False,https://www.zigbang.com/home/apt/items/49767660
2026-08-16 02:57:02,38487,헬리오시티,49895535,zigbang,12969515,161669,trade,매매,310000,0,31.0,False,송파구,가락동,413동,중,84.94,25.69,107.66,107I,32I,,"33, 무주택자 갭 가능,초역세권, 풀에어컨",1,단독매물,self_ad,True,False,https://www.zigbang.com/home/apt/items/49895535
2026-08-16 02:57:02,38487,헬리오시티,49767765,zigbang,12969629,161661,rental,월세,60000,260,6.0,False,송파구,가락동,414동,중,84.98,25.71,107.97,107A,32A,,"33,햇살좋은집,보증금조정가",1,단독매물,self_ad,False,False,https://www.zigbang.com/home/apt/items/49767765
2026-08-16 02:57:02,38487,헬리오시티,48488314,zigbang,12969717,161660,trade,매매,277000,0,27.7,False,송파구,가락동,415동,고,59.96,18.14,84.1,84,25,,25급매 다주택자 세안고매매 남향 탁트인뷰 풀에어컨 ,1,단독매물,self_ad,False,False,https://www.zigbang.com/home/apt/items/48488314
2026-08-16 02:57:02,38487,헬리오시티,49570615,zigbang,12969703,161660,charter,전세,107000,0,10.7,False,송파구,가락동,415동,중,59.96,18.14,84.1,84,25,,"25, 역세권, 남향 판상형, 햇빛 통풍 잘 되는 집",1,단독매물,self_ad,False,False,https://www.zigbang.com/home/apt/items/49570615
2026-08-16 02:57:02,38487,헬리오시티,49644655,zigbang,12969707,161660,rental,월세,70000,165,7.0,False,송파구,가락동,415동,중,59.96,18.14,84.1,84,25,,25귀한월세 정남향 탁트인뷰 살기편한동 올확장 풀에어컨,1,단독매물,self_ad,False,False,https://www.zigbang.com/home/apt/items/49644655
2026-08-16 02:57:02,38487,헬리오시티,49839693,zigbang,12969882,161663,trade,매매,300000,0,30.0,False,송파구,가락동,417동,고,84.99,25.71,109.87,109C,33C,,"33, 역세권, 뻥뚤린 뷰, 상가인접 편리, 가락초",1,단독매물,self_ad,False,False,https://www.zigbang.com/home/apt/items/49839693
2026-08-16 02:57:02,38487,헬리오시티,49666824,zigbang,12969858,161672,trade,매매,315000,0,31.5,False,송파구,가락동,417동,17,84.98,25.71,108.01,108K,33K,,33주인거주 입주매물 탁트인뷰 올확장 풀에어컨 조건협의가,3,동일호중복,self_ad,True,False,https://www.zigbang.com/home/apt/items/49666824
2026-08-16 02:57:02,38487,헬리오시티,49896382,zigbang,12970025,161663,trade,매매,300000,0,30.0,False,송파구,가락동,418동,고,84.99,25.71,109.87,109C,33C,,"33, 남향, 트인뷰, 역세권, 햇살, 통풍 굿, ",1,단독매물,self_ad,False,False,https://www.zigbang.com/home/apt/items/49896382
2026-08-16 02:57:02,38487,헬리오시티,49896030,zigbang,12970017,161661,trade,매매,305000,0,30.5,False,송파구,가락동,418동,고,84.98,25.71,107.97,107A,32A,,"33, 남향, 뻥뷰, 역세권 2분거리, 상가인접 이용편리",1,단독매물,self_ad,False,False,https://www.zigbang.com/home/apt/items/49896030
2026-08-16 02:57:02,38487,헬리오시티,50024276,zigbang,12970084,161671,trade,매매,290000,0,29.0,True,송파구,가락동,502동,1,84.96,25.7,107.66,107J2,32J2,,전철역 가까운 편리한 입구동 판상형,7,동일호중복,self_ad,True,False,https://www.zigbang.com/home/apt/items/50024276
2026-08-16 02:57:02,38487,헬리오시티,50067297,zigbang,12970263,161670,rental,월세,80000,210,8.0,False,송파구,가락동,504동,고,84.96,25.7,107.66,107J1,32J1,,"33,초역세권,층간소음걱정없는집,입주협의,빠른계약",1,단독매물,self_ad,False,False,https://www.zigbang.com/home/apt/items/50067297
2026-08-16 02:57:02,38487,헬리오시티,49783677,zigbang,12970431,161660,trade,매매,285000,0,28.5,False,송파구,가락동,507동,중,59.96,18.14,84.1,84,25,,"25, 역세권 입주매물, 화이트수리, 가락초",1,단독매물,self_ad,False,False,https://www.zigbang.com/home/apt/items/49783677
2026-08-16 02:57:02,38487,헬리오시티,49794871,zigbang,12970466,161660,charter,전세,105000,0,10.5,False,송파구,가락동,507동,고,59.96,18.14,84.1,84,25,,"25, 귀한 전세, 신혼 부부 강추, 깨끗하게 관리 굿",1,단독매물,self_ad,False,False,https://www.zigbang.com/home/apt/items/49794871
2026-08-16 02:57:02,38487,헬리오시티,49949717,zigbang,12970548,161653,trade,매매,205000,0,20.5,False,송파구,가락동,508동,중,39.12,11.83,61.53,61B,18B,,18강추 역세권 작은방넓은구조 올확장 풀에어컨,1,단독매물,self_ad,False,False,https://www.zigbang.com/home/apt/items/49949717
2026-08-16 02:57:02,38487,헬리오시티,49882542,zigbang,12970582,161660,trade,매매,275000,0,27.5,False,송파구,가락동,509동,저,59.96,18.14,84.1,84,25,,"25, 역세권, 판상형, 상가 인접 편리, 가락초",1,단독매물,self_ad,False,False,https://www.zigbang.com/home/apt/items/49882542
2026-08-16 02:57:02,38487,헬리오시티,49722654,zigbang,12970663,161660,rental,월세,70000,165,7.0,False,송파구,가락동,510동,저,59.96,18.14,84.1,84,25,,"25,초역세권,시스템에어컨풀,가락초,입주협의",1,단독매물,self_ad,False,False,https://www.zigbang.com/home/apt/items/49722654
2026-08-16 02:57:02,38487,헬리오시티,47765234,zigbang,12971059,161676,trade,매매,340000,0,34.0,False,송파구,가락동,513동,저,110.44,33.41,141.08,141B,43B,,"42 추천급매물, 남향거실양창구조, 숨은공간확장, 풀에어컨",1,단독매물,self_ad,False,False,https://www.zigbang.com/home/apt/items/47765234
2026-08-16 02:57:02,38487,헬리오시티,49323400,zigbang,12971100,161675,trade,매매,345000,0,34.5,False,송파구,가락동,513동,중,110.66,33.47,140.26,140A,42A,,"42, 입주물건, 역세권 유일한 동 ,로얄동 로얄층",1,단독매물,self_ad,False,False,https://www.zigbang.com/home/apt/items/49323400
2026-08-16 02:57:02,38487,헬리오시티,49707097,zigbang,12971131,161676,trade,매매,350000,0,35.0,False,송파구,가락동,513동,고,110.44,33.41,141.08,141B,43B,,"42, 초역세권, 입주매물, 풀에어컨",1,단독매물,self_ad,False,False,https://www.zigbang.com/home/apt/items/49707097
2026-08-16 02:57:02,38487,헬리오시티,50067368,zigbang,12971218,161667,trade,매매,300000,0,30.0,False,송파구,가락동,514동,중,84.98,25.71,108.43,108G,33G,,"33,초역세권,로얄동호수,파크밴드라인의 전망좋은집,입주매물",1,단독매물,self_ad,True,False,https://www.zigbang.com/home/apt/items/50067368
2026-08-16 02:57:02,38487,헬리오시티,48292015,zigbang,12971211,161674,trade,매매,320000,0,32.0,False,송파구,가락동,514동,중,99.6,30.13,126.35,126,38,,38주인직접의뢰 급매물 세련된인테리어 방4개 선점기회,1,단독매물,self_ad,False,False,https://www.zigbang.com/home/apt/items/48292015
2026-08-16 02:57:02,38487,헬리오시티,50067466,zigbang,12971218,161667,rental,월세,60000,300,6.0,False,송파구,가락동,514동,중,84.98,25.71,108.43,108G,33G,,"33,초역세권,상가이용편리,가락초학군,입주협의조정가",1,단독매물,self_ad,True,False,https://www.zigbang.com/home/apt/items/50067466
2026-08-16 02:57:02,38487,헬리오시티,49645319,zigbang,12971366,161666,rental,월세,60000,300,6.0,False,송파구,가락동,515동,중,84.95,25.7,110.17,110F,33F,,33 역세권 파크밴드뷰 거실주방넓은선호타입 올확장 풀에어컨,1,단독매물,self_ad,False,False,https://www.zigbang.com/home/apt/items/49645319
2026-08-16 02:57:02,38487,헬리오시티,50067325,zigbang,12971588,161664,trade,매매,300000,0,30.0,False,송파구,가락동,517동,중,84.99,25.71,110.1,110D,33D,,"33,파크밴드라인의 전망좋은집,초역세권,초급매,입주협의",1,단독매물,self_ad,False,False,https://www.zigbang.com/home/apt/items/50067325
2026-08-16 02:57:02,38487,헬리오시티,47616320,zigbang,12971606,161666,trade,매매,310000,0,31.0,False,송파구,가락동,517동,중,84.95,25.7,110.17,110F,33F,,33초초역세권 생활매우편리한동 인테리어된집 풀에어컨,1,단독매물,self_ad,False,False,https://www.zigbang.com/home/apt/items/47616320
2026-08-16 02:57:02,38487,헬리오시티,49742775,zigbang,12971614,161666,trade,매매,318000,0,31.8,False,송파구,가락동,517동,21,84.95,25.7,110.17,110F,33F,,"33,초역세권,4베이,드레스룸넓은,에어컨풀,입주협의",2,동일호중복,self_ad,True,False,https://www.zigbang.com/home/apt/items/49742775
2026-08-16 02:57:02,37862,e편한세상송파파크센트럴,49073184,zigbang,5809455,160896,trade,매매,200000,0,20.0,False,송파구,거여동,201동,중,84.95,25.7,111.49,111F,34F,,"추천급매 시,에4 중문2 화장실3  분리세대가능 주인거주 ",1,단독매물,self_ad,True,False,https://www.zigbang.com/home/apt/items/49073184
2026-08-16 02:57:02,37862,e편한세상송파파크센트럴,50041614,zigbang,5809511,160893,rental,월세,30000,280,3.0,False,송파구,거여동,201동,고,84.97,25.7,111.77,111C,34C,,"급급월세33P 거여.마천역 도보이용, 더블역세권 장기거주",1,단독매물,self_ad,False,False,https://www.zigbang.com/home/apt/items/50041614
2026-08-16 02:57:02,37862,e편한세상송파파크센트럴,49577870,zigbang,5809448,160896,rental,월세,50000,200,5.0,False,송파구,거여동,201동,저,84.95,25.7,111.49,111F,34F,,"마천,트램역세권  예쁜정원뷰 햇살좋은 관리잘된집",1,단독매물,self_ad,False,False,https://www.zigbang.com/home/apt/items/49577870
2026-08-16 02:57:02,37862,e편한세상송파파크센트럴,49664292,zigbang,5809566,160888,trade,매매,180000,0,18.0,False,송파구,거여동,202동,5,59.94,18.13,82.65,82B,25B,,"강추 마천,트램역세권 조용하고 햇살좋은 관리잘된집 풀옵",1,단독매물,self_ad,True,False,https://www.zigbang.com/home/apt/items/49664292
2026-08-16 02:57:02,37862,e편한세상송파파크센트럴,256621,coalition,5809512,160896,rental,월세,500,200,0.05,False,송파구,거여동,202동,1,84.95,25.7,111.49,111F,34F,,2개월반정도의 단기월세입니다 ,1,단독매물,partner,True,False,https://www.zigbang.com/home/apt/items/256621
2026-08-16 02:57:02,37862,e편한세상송파파크센트럴,49783638,zigbang,5809776,160887,charter,전세,85000,0,8.5,False,송파구,거여동,204동,16,59.96,18.14,82.67,82A,25A,,	강추 마천초역세권 조용하고 햇살좋은 주인거주 관리잘된집,1,단독매물,self_ad,True,False,https://www.zigbang.com/home/apt/items/49783638
2026-08-16 02:57:02,37862,e편한세상송파파크센트럴,49629299,zigbang,5809678,160887,charter,전세,87000,0,8.7,False,송파구,거여동,204동,중,59.96,18.14,82.67,82A,25A,,25평 방3. 화장실 2 마천역 바로앞 교통편리 신축급,1,단독매물,self_ad,False,False,https://www.zigbang.com/home/apt/items/49629299
2026-08-16 02:57:02,37862,e편한세상송파파크센트럴,49125194,zigbang,5809827,160891,trade,매매,220000,0,22.0,False,송파구,거여동,205동,5,84.96,25.7,111.22,111A,34A,,"강추 판상형 예쁜정원뷰 에4 조합원고급옵션 마천,트램역세권",1,단독매물,self_ad,True,False,https://www.zigbang.com/home/apt/items/49125194
2026-08-16 02:57:02,37862,e편한세상송파파크센트럴,48993461,zigbang,5809955,160891,trade,매매,205000,0,20.5,False,송파구,거여동,206동,7,84.96,25.7,111.22,111A,34A,,Top 4베이 전망굿 에어컨4 중문 내부깨끗,4,동일호중복,self_ad,True,False,https://www.zigbang.com/home/apt/items/48993461
2026-08-16 02:57:02,37862,e편한세상송파파크센트럴,49731605,zigbang,5810443,160893,trade,매매,200000,0,20.0,False,송파구,거여동,211동,중,84.97,25.7,111.77,111C,34C,,"	강추 세안고 마천,트램초역세권 에풀 남한산성뷰 관리잘된집",1,단독매물,self_ad,True,False,https://www.zigbang.com/home/apt/items/49731605
2026-08-16 02:57:02,37862,e편한세상송파파크센트럴,49558097,zigbang,5810405,160898,trade,매매,200000,0,20.0,False,송파구,거여동,211동,4,84.96,25.7,111.44,111H,34H,,"마천,트램초역세권 조용하고 뷰좋은 관리잘된 풀옵션 판상형 ",3,동일호중복,self_ad,True,False,https://www.zigbang.com/home/apt/items/49558097
2026-08-16 02:57:02,37862,e편한세상송파파크센트럴,49784346,zigbang,5810415,160898,charter,전세,100000,0,10.0,False,송파구,거여동,211동,14,84.96,25.7,111.44,111H,34H,,"	마천,트램초역세권 조용하고 밝은 남한산성뻥뷰 컨디션좋은집",1,단독매물,self_ad,True,False,https://www.zigbang.com/home/apt/items/49784346
2026-08-16 02:57:02,37862,e편한세상송파파크센트럴,49706395,zigbang,5810470,160893,rental,월세,10000,340,1.0,False,송파구,거여동,211동,저,84.97,25.7,111.77,111C,34C,,34p거실 확장 넓은방  남향 깨끗하고 밝은집 마천역,1,단독매물,self_ad,False,False,https://www.zigbang.com/home/apt/items/49706395
2026-08-16 02:57:02,37862,e편한세상송파파크센트럴,49620875,zigbang,5810415,160898,rental,월세,70000,120,7.0,False,송파구,거여동,211동,중,84.96,25.7,111.44,111H,34H,,"마천,트램초역세권 남한산성뻥뷰 조용하고 밝은 관리잘된집",1,단독매물,self_ad,True,False,https://www.zigbang.com/home/apt/items/49620875
2026-08-16 02:57:02,37862,e편한세상송파파크센트럴,49666501,zigbang,5810628,160901,trade,매매,225000,0,22.5,False,송파구,거여동,212동,13,113.18,34.24,137.68,137B,41B,,마천.트램초역세권 조용하고 햇살좋고 뷰좋은 컨디션좋은집,4,동일호중복,self_ad,True,False,https://www.zigbang.com/home/apt/items/49666501
2026-08-16 02:57:02,37862,e편한세상송파파크센트럴,49508433,zigbang,5810527,160901,charter,전세,110000,0,11.0,False,송파구,거여동,212동,4,113.18,34.24,137.68,137B,41B,,"42 마천,트램초역세권 밝고 단지뷰좋은 정남향 에풀",1,단독매물,self_ad,False,False,https://www.zigbang.com/home/apt/items/49508433
2026-08-16 02:57:02,300,거여2단지효성동아,50060454,zigbang,393005,661,trade,매매,215000,0,21.5,False,송파구,거여동,209동,고,134.88,40.8,158.37,158,48,,"세만기27년1월8일맞춰 잔금가능, 남향, 로얄동로얄층",1,단독매물,self_ad,True,False,https://www.zigbang.com/home/apt/items/50060454
2026-08-16 02:57:02,709,거여5단지,50013184,zigbang,539979,1896,trade,매매,150000,0,15.0,False,송파구,거여동,505동,고,59.74,18.07,81.12,81,25,,올수리 트인 산뷰 공원인접 쾌적,1,단독매물,self_ad,True,False,https://www.zigbang.com/home/apt/items/50013184
2026-08-16 02:57:02,4018,보화2차,49976687,zigbang,8579101,195001,trade,매매,130000,0,13.0,False,송파구,거여동,1동,고,40.38,12.21,51.79,51A,15A,,"거여동 새마을지구재개발 27년이주 1,678세대 대단지",1,단독매물,self_ad,True,False,https://www.zigbang.com/home/apt/items/49976687
2026-08-16 02:57:02,51438,송파레이크파크호반써밋1차,49787150,zigbang,13639095,248589,trade,매매,209000,0,20.9,False,송파구,거여동,1202동,중,108.8119,32.92,135.8895,135A,41A,,41 판상형 남향 풀에 풀옵션 아트월 폴리싱 수입원목마루,2,동일호중복,self_ad,True,False,https://www.zigbang.com/home/apt/items/49787150
2026-08-16 02:57:02,51438,송파레이크파크호반써밋1차,49665380,zigbang,13639109,248589,trade,매매,209000,0,20.9,False,송파구,거여동,1202동,중,108.8119,32.92,135.8895,135A,41A,,"입주협의, 에어컨풀,  컨디션좋아,  수리는 필요없습니다",1,단독매물,self_ad,False,False,https://www.zigbang.com/home/apt/items/49665380
2026-08-16 02:57:02,51438,송파레이크파크호반써밋1차,48858350,zigbang,13639206,248589,trade,매매,209000,0,20.9,False,송파구,거여동,1204동,저,108.8119,32.92,135.8895,135A,41A,,"입주협의, 컨디션좋음, 선호하는판상형구조 상가이용편리",1,단독매물,self_ad,True,False,https://www.zigbang.com/home/apt/items/48858350
2026-08-16 02:57:02,51438,송파레이크파크호반써밋1차,48404828,zigbang,13639452,248589,trade,매매,210000,0,21.0,False,송파구,거여동,1206동,중,108.8119,32.92,135.8895,135A,41A,,"l두리추천l 입주급매물, 컨디션아주좋음,에어컨풀, 풀옵션 ",1,단독매물,self_ad,True,False,https://www.zigbang.com/home/apt/items/48404828
2026-08-16 02:57:02,51438,송파레이크파크호반써밋1차,49773941,zigbang,13639453,248589,rental,월세,80000,100,8.0,False,송파구,거여동,1206동,중,108.8119,32.92,135.8895,135A,41A,,전담 41 귀한 반전세 판상형 풀에 풀옵션 예쁜뷰 컨디션굿,1,단독매물,self_ad,True,False,https://www.zigbang.com/home/apt/items/49773941
2026-08-16 02:57:02,51438,송파레이크파크호반써밋1차,49079212,zigbang,13639515,248589,charter,전세,110000,0,11.0,False,송파구,거여동,1208동,저,108.8119,32.92,135.8895,135A,41A,,"입주협의, 융자무, 컨디션좋음, 단지뷰, 초등학교 개통예정",1,단독매물,self_ad,False,False,https://www.zigbang.com/home/apt/items/49079212
2026-08-16 02:57:02,51438,송파레이크파크호반써밋1차,49952393,zigbang,13639620,248589,trade,매매,220000,0,22.0,False,송파구,거여동,1209동,고,108.8119,32.92,135.8895,135A,41A,,방4  에어컨풀  트인 뷰  산빛초 개교예정,1,단독매물,self_ad,True,False,https://www.zigbang.com/home/apt/items/49952393
2026-08-16 02:57:02,51439,송파레이크파크호반써밋2차,49977811,zigbang,13639809,248583,trade,매매,235000,0,23.5,False,송파구,거여동,1402동,중,108.8109,32.92,137.85,137C,41C,,41 집주인 근저당 4억 대출 가능 단지뷰 에6 풀옵션 ,1,단독매물,self_ad,True,False,https://www.zigbang.com/home/apt/items/49977811
2026-08-16 02:57:02,51439,송파레이크파크호반써밋2차,49782851,zigbang,13639872,248581,charter,전세,120000,0,12.0,False,송파구,거여동,1403동,11,108.8119,32.92,136.0333,136A,41A,,"완전 풀옵션, 전망 좋은 집, 융자없는 안전한 전세 매물",2,동일호중복,self_ad,True,False,https://www.zigbang.com/home/apt/items/49782851
2026-08-16 02:57:02,51439,송파레이크파크호반써밋2차,49658473,zigbang,13639872,248581,rental,월세,100000,80,10.0,False,송파구,거여동,1403동,중,108.8119,32.92,136.0333,136A,41A,,41  융자무  에어컨풀  판상형구조  송파학군  전세가능,1,단독매물,self_ad,True,False,https://www.zigbang.com/home/apt/items/49658473
2026-08-16 02:57:02,51439,송파레이크파크호반써밋2차,46667888,zigbang,13640031,248583,trade,매매,290000,0,29.0,False,송파구,거여동,1405동,중,108.8109,32.92,137.85,137C,41C,,위례호수 공원앞  뷰 긋 풀인테리어  ,1,단독매물,self_ad,True,False,https://www.zigbang.com/home/apt/items/46667888
2026-08-16 02:57:02,51439,송파레이크파크호반써밋2차,49779216,zigbang,13640217,248584,charter,전세,120000,0,12.0,False,송파구,거여동,1409동,저,110.8519,33.53,138.4521,138A,42A,,42 빠른입주가능 호수공원 명품뷰 시에풀 풀옵션 ,1,단독매물,self_ad,True,False,https://www.zigbang.com/home/apt/items/49779216
2026-08-16 02:57:02,51439,송파레이크파크호반써밋2차,49391124,zigbang,13640274,248581,trade,매매,240000,0,24.0,False,송파구,거여동,1410동,13,108.8119,32.92,136.0333,136A,41A,,41  방4  에어컨풀   판상형구조  트램라인  ,1,단독매물,self_ad,True,False,https://www.zigbang.com/home/apt/items/49391124
2026-08-16 02:57:02,68593,송파레이크힐,49561855,zigbang,16508114,387820,trade,매매,210000,0,21.0,False,송파구,거여동,1501동,저,84.75,25.64,108.99,108A,33A,,남향 정원뷰 시스템에어컨,1,단독매물,self_ad,True,False,https://www.zigbang.com/home/apt/items/49561855
2026-08-16 02:57:02,68593,송파레이크힐,49540387,zigbang,16508132,387820,trade,매매,220000,0,22.0,False,송파구,거여동,1501동,중,84.75,25.64,108.99,108A,33A,,"33  에어컨풀  거원초,중  호수공원 산책로",1,단독매물,self_ad,True,False,https://www.zigbang.com/home/apt/items/49540387
2026-08-16 02:57:02,68593,송파레이크힐,50034583,zigbang,16508138,387820,charter,전세,100000,0,10.0,False,송파구,거여동,1501동,중,84.75,25.64,108.99,108A,33A,,집주인O 시스템에어컨5대 앞뒤 초록뷰 입주협의,1,단독매물,self_ad,True,False,https://www.zigbang.com/home/apt/items/50034583
2026-08-16 02:57:02,68593,송파레이크힐,49347429,zigbang,16508114,387820,charter,전세,100000,0,10.0,False,송파구,거여동,1501동,저,84.75,25.64,108.99,108A,33A,,32.96A 주인직접O 남향 풀에어컨 입주9월이후 ,1,단독매물,self_ad,True,False,https://www.zigbang.com/home/apt/items/49347429
2026-08-16 02:57:02,68593,송파레이크힐,49362815,zigbang,16508640,419089,trade,매매,190000,0,19.0,False,송파구,거여동,1502동,저,74.9,22.66,96.61,96E,29E,,29E 주인직접O 공원뷰 시스템에어컨4대,3,동일호중복,self_ad,True,False,https://www.zigbang.com/home/apt/items/49362815
2026-08-16 02:57:02,68593,송파레이크힐,49851010,zigbang,16508653,387819,trade,매매,200000,0,20.0,False,송파구,거여동,1502동,저,74.96,22.68,96.58,96A,29A,,트인 앞뒤 정원뷰 깨끗,1,단독매물,self_ad,True,False,https://www.zigbang.com/home/apt/items/49851010
2026-08-16 02:57:02,68593,송파레이크힐,49350405,zigbang,16508658,419087,trade,매매,200000,0,20.0,False,송파구,거여동,1502동,중,74.96,22.68,96.47,96B,29B,,29B 주인O 남향 녹지풍부 판상형 깨끗,2,동일호중복,self_ad,True,False,https://www.zigbang.com/home/apt/items/49350405
2026-08-16 02:57:02,68593,송파레이크힐,49990554,zigbang,16508653,387819,charter,전세,85000,0,8.5,False,송파구,거여동,1502동,저,74.96,22.68,96.58,96A,29A,,빠른입주가능 방넓고 앞뒤뷰 트임,1,단독매물,self_ad,True,False,https://www.zigbang.com/home/apt/items/49990554
2026-08-16 02:57:02,68593,송파레이크힐,49625301,zigbang,16508635,387819,charter,전세,85000,0,8.5,False,송파구,거여동,1502동,2,74.96,22.68,96.58,96A,29A,,주인직접O 필로티 숲공원과 가까워 쾌적 입주3개월이상 협의,2,동일호중복,self_ad,True,False,https://www.zigbang.com/home/apt/items/49625301
2026-08-16 02:57:02,68593,송파레이크힐,49851017,zigbang,16508653,387819,rental,월세,30000,250,3.0,False,송파구,거여동,1502동,저,74.96,22.68,96.58,96A,29A,,주인O 트인뷰 빠른입주가능,1,단독매물,self_ad,True,False,https://www.zigbang.com/home/apt/items/49851017
2026-08-16 02:57:02,68593,송파레이크힐,248427,coalition,16508742,387820,trade,매매,220000,0,22.0,False,송파구,거여동,1503동,5,84.75,25.64,108.99,108A,33A,,"여름은 시원, 겨울은 따뜻한 남향. 19층에 5층으로 편리",4,동일호중복,partner,True,False,https://www.zigbang.com/home/apt/items/248427
2026-08-16 02:57:02,68593,송파레이크힐,50030144,zigbang,16508779,387820,trade,매매,230000,0,23.0,False,송파구,거여동,1503동,고,84.75,25.64,108.99,108A,33A,,남향 판상형4베이구조 최신에어컨풀 8월말입주가,1,단독매물,self_ad,True,False,https://www.zigbang.com/home/apt/items/50030144
2026-08-16 02:57:02,68593,송파레이크힐,48765634,zigbang,16508779,387820,charter,전세,100000,0,10.0,False,송파구,거여동,1503동,고,84.75,25.64,108.99,108A,33A,,정남향 판상형4베이구조 최신에어컨풀 8월말 입주,1,단독매물,self_ad,True,False,https://www.zigbang.com/home/apt/items/48765634
2026-08-16 02:57:02,68593,송파레이크힐,49679602,zigbang,16508740,419091,rental,월세,20000,350,2.0,False,송파구,거여동,1503동,5,84.92,25.69,109.8,109C,33C,,주인O 트인 공원뷰 트램역 근접 입주9월초중 협의,3,동일호중복,self_ad,True,False,https://www.zigbang.com/home/apt/items/49679602
2026-08-16 02:57:02,68593,송파레이크힐,49978691,zigbang,16508788,419091,rental,월세,35000,280,3.5,False,송파구,거여동,1503동,고,84.92,25.69,109.8,109C,33C,,앞옆 모두 조망 에어컨4 방4 입주10월중순이후,1,단독매물,self_ad,True,False,https://www.zigbang.com/home/apt/items/49978691
2026-08-16 02:57:02,68593,송파레이크힐,49051584,zigbang,16508875,419089,trade,매매,200000,0,20.0,False,송파구,거여동,1504동,저,74.9,22.66,96.61,96E,29E,,29 방3 남향 시스템에어컨 집컨디션좋아요 거여역세권,2,동일호중복,self_ad,True,False,https://www.zigbang.com/home/apt/items/49051584
2026-08-16 02:57:02,68593,송파레이크힐,49930393,zigbang,16508875,419089,charter,전세,85000,0,8.5,False,송파구,거여동,1504동,저,74.9,22.66,96.61,96E,29E,,주인O 방넓고 수납공간 많아요 빠른입주가능,1,단독매물,self_ad,True,False,https://www.zigbang.com/home/apt/items/49930393
2026-08-16 02:57:02,68593,송파레이크힐,49872727,zigbang,16508902,419088,charter,전세,85000,0,8.5,False,송파구,거여동,1504동,중,74.9,22.66,96.52,96C,29C,,월세가 29 방3 화2  에4 인덕션 식세기 붙박이 풀옵션,3,동일호중복,self_ad,True,False,https://www.zigbang.com/home/apt/items/49872727
2026-08-16 02:57:02,68593,송파레이크힐,207668,coalition,16508895,419086,rental,월세,25000,240,2.5,True,송파구,거여동,1504동,5,74.93,22.67,96.43,96D,29D,,포베이 뻥뷰 해 잘 드는 쾌적한 집.,4,동일호중복,partner,True,False,https://www.zigbang.com/home/apt/items/207668
2026-08-16 02:57:02,68593,송파레이크힐,49712416,zigbang,16508887,419089,rental,월세,30000,250,3.0,False,송파구,거여동,1504동,중,74.9,22.66,96.61,96E,29E,,"입주조율가능, 내부 컨디션 굿",1,단독매물,self_ad,False,False,https://www.zigbang.com/home/apt/items/49712416
2026-08-16 02:57:02,68593,송파레이크힐,49489943,zigbang,16508946,387818,trade,매매,175000,0,17.5,False,송파구,거여동,1505동,저,64.94,19.64,84.21,84A,25A,,"완전 급매물, 8월 부터 입주 가능, 주인 거주, 정남향",3,동일호중복,self_ad,True,False,https://www.zigbang.com/home/apt/items/49489943
2026-08-16 02:57:02,68593,송파레이크힐,49938033,zigbang,16508971,387818,trade,매매,180000,0,18.0,False,송파구,거여동,1505동,중,64.94,19.64,84.21,84A,25A,,정남향 오픈발코니 녹지풍부 빠른입주가능,1,단독매물,self_ad,True,False,https://www.zigbang.com/home/apt/items/49938033
2026-08-16 02:57:02,51437,송파시그니처롯데캐슬,49018024,zigbang,12994310,242831,trade,매매,230000,0,23.0,False,송파구,거여동,104동,9,84.98,25.71,110.75,110A,33A,,추천매물 주인거주 거여역3분역세권 판상형 시에4 중문,1,단독매물,self_ad,True,False,https://www.zigbang.com/home/apt/items/49018024
2026-08-16 02:57:02,51437,송파시그니처롯데캐슬,49081734,zigbang,12994201,242833,trade,매매,250000,0,25.0,False,송파구,거여동,104동,16,84.98,25.71,111.88,111C,34C,,"로얄동 로얄층 멋진전방뷰 주인거주 에어컨5,붙박이3.중문",1,단독매물,self_ad,True,False,https://www.zigbang.com/home/apt/items/49081734
2026-08-16 02:57:02,51437,송파시그니처롯데캐슬,49930271,zigbang,12994466,434009,trade,매매,210000,0,21.0,False,송파구,거여동,105동,9,84.98,25.71,111.43,111A,34A,,강추 조용하고 햇살좋은 정남향 판상형 예쁜정원뷰 조합풀옵션,1,단독매물,self_ad,False,False,https://www.zigbang.com/home/apt/items/49930271
2026-08-16 02:57:02,51437,송파시그니처롯데캐슬,49930163,zigbang,12994316,434009,trade,매매,210000,0,21.0,False,송파구,거여동,105동,10,84.98,25.71,111.43,111A,34A,,강추 조용하고 햇살좋은 정남향 판상형 예쁜정원뷰 조합풀옵션,1,단독매물,self_ad,False,False,https://www.zigbang.com/home/apt/items/49930163
2026-08-16 02:57:02,51437,송파시그니처롯데캐슬,49725135,zigbang,12994427,242832,trade,매매,210000,0,21.0,False,송파구,거여동,105동,3,84.98,25.71,110.95,110B,33B,,	역세권 조용하고 단지조경뷰좋은 깔끔한집 에5 사우나완,3,동일호중복,self_ad,True,False,https://www.zigbang.com/home/apt/items/49725135
2026-08-16 02:57:02,51437,송파시그니처롯데캐슬,49084517,zigbang,12994331,434009,trade,매매,210000,0,21.0,False,송파구,거여동,105동,중,84.98,25.71,111.43,111A,34A,,"로얄동 로얄층 판상형 남향 정원뷰 조합보유분 첫입주,공실",1,단독매물,self_ad,True,False,https://www.zigbang.com/home/apt/items/49084517
2026-08-16 02:57:02,51437,송파시그니처롯데캐슬,49081704,zigbang,12994321,434009,trade,매매,210000,0,21.0,False,송파구,거여동,105동,중,84.98,25.71,111.43,111A,34A,, 로얄동 로얄층 판상형 남향 예쁜정원뷰 조합보유분 첫입주,1,단독매물,self_ad,True,False,https://www.zigbang.com/home/apt/items/49081704
2026-08-16 02:57:02,51437,송파시그니처롯데캐슬,49308492,zigbang,12994443,242832,charter,전세,90000,0,9.0,False,송파구,거여동,105동,저,84.98,25.71,110.95,110B,33B,,33p 전체발코니확개방감 확실 시스템 에어콘5대 급전세,1,단독매물,self_ad,False,False,https://www.zigbang.com/home/apt/items/49308492
2026-08-16 02:57:02,51437,송파시그니처롯데캐슬,49799241,zigbang,12994427,242832,charter,전세,100000,0,10.0,False,송파구,거여동,105동,저,84.98,25.71,110.95,110B,33B,,빠른입주.조건협의.보증금조정가.에어컨5대.푸르른뻥뷰,1,단독매물,self_ad,False,False,https://www.zigbang.com/home/apt/items/49799241
2026-08-16 02:57:02,51437,송파시그니처롯데캐슬,49815484,zigbang,12994453,242832,rental,월세,35000,240,3.5,False,송파구,거여동,105동,저,84.98,25.71,110.95,110B,33B,,"33p 남형 전체발코니확장 , 에어콘 5대, 정원뷰",1,단독매물,self_ad,False,False,https://www.zigbang.com/home/apt/items/49815484
2026-08-16 02:57:02,51437,송파시그니처롯데캐슬,49803782,zigbang,12994427,242832,rental,월세,35000,260,3.5,False,송파구,거여동,105동,저,84.98,25.71,110.95,110B,33B,,빠른입주 더블역세권 정원뷰 발코니확장 실크도배 에어컨5,2,동일호중복,self_ad,True,False,https://www.zigbang.com/home/apt/items/49803782
2026-08-16 02:57:02,51437,송파시그니처롯데캐슬,49018433,zigbang,12994495,242833,trade,매매,205000,0,20.5,False,송파구,거여동,106동,14,84.98,25.71,111.88,111C,34C,,추천매물 R R 타워형 남향  현관펜트리 안방드레스룸 ,1,단독매물,self_ad,True,False,https://www.zigbang.com/home/apt/items/49018433
2026-08-16 02:57:02,51437,송파시그니처롯데캐슬,49018586,zigbang,12994489,242831,trade,매매,235000,0,23.5,False,송파구,거여동,106동,13,84.98,25.71,110.75,110A,33A,,추천매물 R R 판상형 남향  시에4 중문 창고 붙박이장,1,단독매물,self_ad,True,False,https://www.zigbang.com/home/apt/items/49018586
2026-08-16 02:57:02,51437,송파시그니처롯데캐슬,255762,coalition,12995075,242831,trade,매매,220000,0,22.0,False,송파구,거여동,111동,22,84.98,25.71,110.75,110A,33A,,"송파신축, 현대차 복정역 호재, 마천재개발, 거여역5호선",3,동일호중복,partner,True,False,https://www.zigbang.com/home/apt/items/255762
2026-08-16 02:57:02,51437,송파시그니처롯데캐슬,49081357,zigbang,12995108,242835,trade,매매,227000,0,22.7,False,송파구,거여동,111동,9,84.98,25.71,112.29,112,34,,주인거주로 집상태좋음 그린공원조망  중문 세대창고 시에4대,1,단독매물,self_ad,True,False,https://www.zigbang.com/home/apt/items/49081357
2026-08-16 02:57:02,51437,송파시그니처롯데캐슬,49976496,zigbang,12995083,242835,rental,월세,60000,220,6.0,False,송파구,거여동,111동,저,84.98,25.71,112.29,112,34,,"입주협의,에어컨5대,장기거주가능,남향",1,단독매물,self_ad,True,False,https://www.zigbang.com/home/apt/items/49976496
2026-08-16 02:57:02,51437,송파시그니처롯데캐슬,50055306,zigbang,12995119,242831,trade,매매,230000,0,23.0,False,송파구,거여동,112동,중,84.98,25.71,110.75,110A,33A,,강추 역세권 조용하고 햇살좋은 컨디션좋은 판상형 남녀사우나,1,단독매물,self_ad,True,False,https://www.zigbang.com/home/apt/items/50055306
2026-08-16 02:57:02,51437,송파시그니처롯데캐슬,49557937,zigbang,12995226,242836,trade,매매,235000,0,23.5,False,송파구,거여동,113동,저,108.98,32.97,136.42,136,41,,"마천,트램역세권 조용하고 조경뷰예쁜 판상형 풀옵션 에어컨6",1,단독매물,self_ad,False,False,https://www.zigbang.com/home/apt/items/49557937
2026-08-16 02:57:02,51437,송파시그니처롯데캐슬,177300,coalition,12995177,242836,trade,매매,320000,0,32.0,False,송파구,거여동,113동,13,108.98,32.97,136.42,136,41,,"All 인테리어,남한산성. 공원전망,5호선역세권,에어컨6대",1,단독매물,partner,True,False,https://www.zigbang.com/home/apt/items/177300
2026-08-16 02:57:02,51437,송파시그니처롯데캐슬,243063,coalition,12995281,242834,charter,전세,103000,0,10.3,False,송파구,거여동,114동,14,84.98,25.71,111.62,111B,34B,,거여역 도보 3분거리,1,단독매물,partner,True,False,https://www.zigbang.com/home/apt/items/243063
2026-08-16 02:57:02,51440,송파위례리슈빌,49349598,zigbang,5715719,239374,trade,매매,295000,0,29.5,False,송파구,거여동,104동,5,116.6104,35.27,144.3626,144A,44A,,44 방4  에어컨풀  막힘없이 트인 수변 뷰  트램라인 ,1,단독매물,self_ad,True,False,https://www.zigbang.com/home/apt/items/49349598
2026-08-16 02:57:02,51440,송파위례리슈빌,49395204,zigbang,5715860,239371,trade,매매,240000,0,24.0,False,송파구,거여동,107동,중,105.4624,31.9,132.0956,132,40,,에어컨풀  수변 뷰  스타필드 인접  송파학군,1,단독매물,self_ad,True,False,https://www.zigbang.com/home/apt/items/49395204
2026-08-16 02:57:02,51440,송파위례리슈빌,49711474,zigbang,5715868,239371,trade,매매,250000,0,25.0,False,송파구,거여동,107동,고,105.4624,31.9,132.0956,132,40,,방4  트인 뷰 호수공원 산책로  스타필드 가까운 동 ,1,단독매물,self_ad,True,False,https://www.zigbang.com/home/apt/items/49711474
2026-08-16 02:57:02,51440,송파위례리슈빌,49748155,zigbang,5715939,239371,charter,전세,115000,0,11.5,False,송파구,거여동,108동,중,105.4624,31.9,132.0956,132,40,,융자무 방4  에어컨 수변공원 산책로  트램라인  ,1,단독매물,self_ad,True,False,https://www.zigbang.com/home/apt/items/49748155
2026-08-16 02:57:02,13749,쌍용스윗닷홈거여역1차,250237,coalition,6728530,168647,trade,매매,130000,0,13.0,False,송파구,거여동,101동,7,84.95,25.7,104.2,104,31,,5호선 거여역 도보 3분거리,3,동일호중복,partner,True,False,https://www.zigbang.com/home/apt/items/250237
2026-08-16 02:57:02,68594,포레나송파,48502419,zigbang,16513535,419128,trade,매매,190000,0,19.0,False,송파구,거여동,1701동,중,70.95,21.46,91.44,91B,28B,,27 방3 화2 집상태최상 유초중고품은단지 트램역2개,1,단독매물,self_ad,True,False,https://www.zigbang.com/home/apt/items/48502419
2026-08-16 02:57:02,68594,포레나송파,49967027,zigbang,16513625,387823,trade,매매,190000,0,19.0,False,송파구,거여동,1702동,고,75.91,22.96,97.89,97A,29A,,세안고  밝은집  바로앞  트램라인  단지내 초중고 ,1,단독매물,self_ad,True,False,https://www.zigbang.com/home/apt/items/49967027
2026-08-16 02:57:02,68594,포레나송파,49778797,zigbang,16514268,419128,charter,전세,85000,0,8.5,False,송파구,거여동,1703동,11,70.95,21.46,91.44,91B,28B,, 27 방3 시에풀 붙박이장 채광좋아요 위례솔역바로앞,2,동일호중복,self_ad,True,False,https://www.zigbang.com/home/apt/items/49778797
2026-08-16 02:57:02,68594,포레나송파,49724380,zigbang,16514268,419128,rental,월세,80000,30,8.0,False,송파구,거여동,1703동,고,70.95,21.46,91.44,91B,28B,, 27 방3 에어컨풀 붙박이장 채광좋아요 위례솔역바로앞,1,단독매물,self_ad,True,False,https://www.zigbang.com/home/apt/items/49724380
2026-08-16 02:57:02,68594,포레나송파,50003830,zigbang,16514339,419128,trade,매매,185000,0,18.5,False,송파구,거여동,1704동,중,70.95,21.46,91.44,91B,28B,,"27 방3 화2 시에풀 위례솔초중,트램역 초근접동 송파학군",2,동일호중복,self_ad,True,False,https://www.zigbang.com/home/apt/items/50003830
2026-08-16 02:57:02,68594,포레나송파,49935639,zigbang,16514331,419128,trade,매매,188000,0,18.8,False,송파구,거여동,1704동,중,70.95,21.46,91.44,91B,28B,,"27 집상태최상 시에풀 위례솔초중,트램역초근접동 ",1,단독매물,self_ad,True,False,https://www.zigbang.com/home/apt/items/49935639
2026-08-16 02:57:02,68594,포레나송파,49620830,zigbang,16514329,419128,trade,매매,205000,0,20.5,False,송파구,거여동,1704동,중,70.95,21.46,91.44,91B,28B,,27  솔초.중 가장 가까운 동  트램정류장 인접  ,1,단독매물,self_ad,True,False,https://www.zigbang.com/home/apt/items/49620830
2026-08-16 02:57:02,68594,포레나송파,49980369,zigbang,16514348,419128,charter,전세,80000,0,8.0,False,송파구,거여동,1704동,중,70.95,21.46,91.44,91B,28B,,"ss제일 저렴한 전세 매물, 융자 무, 시스템 에어컨 유",1,단독매물,self_ad,False,False,https://www.zigbang.com/home/apt/items/49980369
2026-08-16 02:57:02,68594,포레나송파,49783984,zigbang,16514359,387821,rental,월세,40000,170,4.0,True,송파구,거여동,1704동,고,66.83,20.22,86.26,86A,26A,,26 방3 화2 집상태최상 에어컨 학교초근접동 ,2,동일호중복,self_ad,True,False,https://www.zigbang.com/home/apt/items/49783984
2026-08-16 02:57:02,68594,포레나송파,50063233,zigbang,16514474,387825,trade,매매,225000,0,22.5,False,송파구,거여동,1705동,고,84.8,25.65,109.05,109A,33A,,33 로얄동 탁트인뻥뷰 층간소음제로 초중초근접동 ,2,동일호중복,self_ad,True,False,https://www.zigbang.com/home/apt/items/50063233
2026-08-16 02:57:02,68594,포레나송파,49954182,zigbang,16514455,387825,trade,매매,250000,0,25.0,False,송파구,거여동,1705동,고,84.8,25.65,109.05,109A,33A,,33 탁트인 롯데타워뷰 로얄동 로얄층 시에풀 인테리어,1,단독매물,self_ad,True,False,https://www.zigbang.com/home/apt/items/49954182
2026-08-16 02:57:02,68594,포레나송파,48837040,zigbang,16514754,387824,trade,매매,210000,0,21.0,False,송파구,거여동,1706동,중,80.41,24.32,103.54,103A,31A,,31 방3 화2 집상태최상 주인거주 주차편리 조용한동,1,단독매물,self_ad,False,False,https://www.zigbang.com/home/apt/items/48837040
2026-08-16 02:57:02,68594,포레나송파,49612320,zigbang,16514764,387824,trade,매매,215000,0,21.5,False,송파구,거여동,1706동,중,80.41,24.32,103.54,103A,31A,,31 에어컨풀  솔초.중 덕수고   트램라인  옵션다수 ,1,단독매물,self_ad,True,False,https://www.zigbang.com/home/apt/items/49612320
2026-08-16 02:57:02,68594,포레나송파,50066281,zigbang,16514835,419130,trade,매매,190000,0,19.0,False,송파구,거여동,1707동,고,75.6,22.87,98.53,98B,30B,,"급매, 호수공원, 트램호재, 내부상태 굿",1,단독매물,self_ad,False,False,https://www.zigbang.com/home/apt/items/50066281
2026-08-16 02:57:02,68594,포레나송파,49109961,zigbang,16514822,387824,trade,매매,195000,0,19.5,False,송파구,거여동,1707동,고,80.41,24.32,103.54,103A,31A,,31 방3 화2 남한산성뷰 에어컨풀 풀옵션 세안고 ,2,동일호중복,self_ad,True,False,https://www.zigbang.com/home/apt/items/49109961
2026-08-16 02:57:02,68594,포레나송파,50063149,zigbang,16514836,387823,trade,매매,210000,0,21.0,False,송파구,거여동,1707동,고,75.91,22.96,97.89,97A,29A,,29 로얄동 로얄층 햇살가득 시에풀 수납력좋은 인테리어,1,단독매물,self_ad,True,False,https://www.zigbang.com/home/apt/items/50063149
2026-08-16 02:57:02,68594,포레나송파,49237538,zigbang,16514820,387824,trade,매매,210000,0,21.0,False,송파구,거여동,1707동,중,80.41,24.32,103.54,103A,31A,,31 방3 화2 로얄동 로얄층 공동환영 햇살가득 집상태최상,2,동일호중복,self_ad,True,False,https://www.zigbang.com/home/apt/items/49237538
2026-08-16 02:57:02,68594,포레나송파,49931781,zigbang,16514825,387824,charter,전세,87000,0,8.7,False,송파구,거여동,1707동,고,80.41,24.32,103.54,103A,31A,,31 방3 햇살가득 집상태최상 에어컨풀 손님만연락주세요,1,단독매물,self_ad,False,False,https://www.zigbang.com/home/apt/items/49931781
2026-08-16 02:57:02,68594,포레나송파,49931782,zigbang,16514825,387824,rental,월세,80000,30,8.0,False,송파구,거여동,1707동,고,80.41,24.32,103.54,103A,31A,,31 방3 햇살가득 집상태최상 에어컨풀 손님만연락주세요,1,단독매물,self_ad,False,False,https://www.zigbang.com/home/apt/items/49931782
2026-08-16 02:57:02,68594,포레나송파,49689611,zigbang,16515655,387825,charter,전세,93000,0,9.3,False,송파구,거여동,1709동,중,84.8,25.65,109.05,109A,33A,,33 방3 시에풀 인테리어최상 공동환영 집상태최상,2,동일호중복,self_ad,True,False,https://www.zigbang.com/home/apt/items/49689611
2026-08-16 02:57:02,68594,포레나송파,49208656,zigbang,16515886,387825,trade,매매,210000,0,21.0,False,송파구,거여동,1710동,중,84.8,25.65,109.05,109A,33A,,33  로얄동.층  초.중.고  밝은 집  교통편리  ,1,단독매물,self_ad,True,False,https://www.zigbang.com/home/apt/items/49208656
2026-08-16 02:57:02,68594,포레나송파,48918749,zigbang,16515933,387825,trade,매매,215000,0,21.5,False,송파구,거여동,1710동,고,84.8,25.65,109.05,109A,33A,,33 방3 화2 펜트리2 탁트인뷰로 채광좋음 집상태최상,2,동일호중복,self_ad,True,False,https://www.zigbang.com/home/apt/items/48918749
2026-08-16 02:57:02,68594,포레나송파,50007497,zigbang,16515869,387825,trade,매매,215000,0,21.5,False,송파구,거여동,1710동,중,84.8,25.65,109.05,109A,33A,,33  에어컨풀  로얄동.층  솔초.중.덕수고 ,1,단독매물,self_ad,True,False,https://www.zigbang.com/home/apt/items/50007497
2026-08-16 02:57:02,68594,포레나송파,49067653,zigbang,16515903,419136,trade,매매,230000,0,23.0,False,송파구,거여동,1710동,고,84.6,25.59,109.75,109B,33B,,33 방3 화2 로얄동 로얄층 양창형 확트인뷰 풀인테리어,1,단독매물,self_ad,True,False,https://www.zigbang.com/home/apt/items/49067653
2026-08-16 02:57:02,68594,포레나송파,49907648,zigbang,16515879,419136,charter,전세,87000,0,8.7,False,송파구,거여동,1710동,중,84.6,25.59,109.75,109B,33B,,급전세 33 방3 수납력최고 시에풀 집상태최상 강력추천매물,1,단독매물,self_ad,True,False,https://www.zigbang.com/home/apt/items/49907648
2026-08-16 02:57:02,68594,포레나송파,49803389,zigbang,16515883,419136,charter,전세,87000,0,8.7,False,송파구,거여동,1710동,중,84.6,25.59,109.75,109B,33B,,"착한전세, 융자무, 에어컨풀, 초중고품아, 송파학군 ",1,단독매물,self_ad,False,False,https://www.zigbang.com/home/apt/items/49803389
2026-08-16 02:57:02,68594,포레나송파,49660602,zigbang,16515917,387825,charter,전세,89000,0,8.9,False,송파구,거여동,1710동,21,84.8,25.65,109.05,109A,33A,,급전세 33 방3 풀옵션 트인뷰로 햇살가득 빠른입주,3,동일호중복,self_ad,True,False,https://www.zigbang.com/home/apt/items/49660602
2026-08-16 02:57:02,68594,포레나송파,50065678,zigbang,16515954,387825,charter,전세,93000,0,9.3,False,송파구,거여동,1711동,5,84.8,25.65,109.05,109A,33A,,주인거주O 트램 및 초중고인접 빠른입주부터 11월말까지협의,2,동일호중복,self_ad,True,False,https://www.zigbang.com/home/apt/items/50065678
2026-08-16 02:57:02,68594,포레나송파,49644766,zigbang,16516044,387821,trade,매매,178000,0,17.8,False,송파구,거여동,1712동,중,66.83,20.22,86.26,86A,26A,,26 방3 집상태최상 남향 탁트인뷰 에어컨풀 입주협의,1,단독매물,self_ad,True,False,https://www.zigbang.com/home/apt/items/49644766
2026-08-16 02:57:02,68594,포레나송파,50049092,zigbang,16516089,387821,charter,전세,80000,0,8.0,False,송파구,거여동,1712동,고,66.83,20.22,86.26,86A,26A,,"ss신축, 전망 최고의 집, 융자무, 주인거주 아주깔끔",1,단독매물,self_ad,False,False,https://www.zigbang.com/home/apt/items/50049092
2026-08-16 02:57:02,68594,포레나송파,50034916,zigbang,16516088,387821,charter,전세,82000,0,8.2,False,송파구,거여동,1712동,고,66.83,20.22,86.26,86A,26A,,트인 뷰  빠른입주가능  에어컨풀  융자무  식세기  ,1,단독매물,self_ad,True,False,https://www.zigbang.com/home/apt/items/50034916
2026-08-16 02:57:02,68594,포레나송파,49635080,zigbang,16516058,419129,charter,전세,85000,0,8.5,False,송파구,거여동,1712동,8,70.99,21.47,91.47,91D,28D,,27 방3 뷰예쁘고 해잘드는집 에어컨풀 집상태최상 ,3,동일호중복,self_ad,True,False,https://www.zigbang.com/home/apt/items/49635080
2026-08-16 02:57:02,68594,포레나송파,50049153,zigbang,16516089,387821,rental,월세,70000,40,7.0,False,송파구,거여동,1712동,고,66.83,20.22,86.26,86A,26A,,"ss전망 최고,채광 우수,주인거주 아주 깔끔,융자무",1,단독매물,self_ad,False,False,https://www.zigbang.com/home/apt/items/50049153
2026-08-16 02:57:02,68594,포레나송파,49967161,zigbang,16517555,387821,trade,매매,175000,0,17.5,False,송파구,거여동,1713동,저,66.83,20.22,86.26,86A,26A,,밝은 집  트램라인  위례솔초.중.덕수고 인접,2,동일호중복,self_ad,True,False,https://www.zigbang.com/home/apt/items/49967161
2026-08-16 02:57:02,68594,포레나송파,49819884,zigbang,16517566,387821,trade,매매,180000,0,18.0,False,송파구,거여동,1713동,저,66.83,20.22,86.26,86A,26A,,전담 26 방3 화2 송파학군 유초중고품은단지 집상태최상,2,동일호중복,self_ad,True,False,https://www.zigbang.com/home/apt/items/49819884
2026-08-16 02:57:02,68594,포레나송파,49006956,zigbang,16517616,387821,trade,매매,190000,0,19.0,False,송파구,거여동,1713동,고,66.83,20.22,86.26,86A,26A,,26 방3 화2 로얄동 로얄층 남향 컨디션최상,2,동일호중복,self_ad,True,False,https://www.zigbang.com/home/apt/items/49006956
2026-08-16 02:57:02,68594,포레나송파,49562340,zigbang,16517569,419134,trade,매매,219000,0,21.9,False,송파구,거여동,1713동,중,80.57,24.37,104.74,104E,31E,,에어컨풀  트인 뷰  조용한 동  위례솔초.중 덕수고 ,2,동일호중복,self_ad,True,False,https://www.zigbang.com/home/apt/items/49562340
2026-08-16 02:57:02,68594,포레나송파,49819959,zigbang,16517566,387821,charter,전세,80000,0,8.0,False,송파구,거여동,1713동,저,66.83,20.22,86.26,86A,26A,,전담 26 방3 화2 송파학군 유초중고품은단지 빠른입주가,1,단독매물,self_ad,True,False,https://www.zigbang.com/home/apt/items/49819959
2026-08-16 02:57:02,68594,포레나송파,49779113,zigbang,16517587,419134,charter,전세,95000,0,9.5,False,송파구,거여동,1713동,중,80.57,24.37,104.74,104E,31E,,31 방3 시에풀 인테리어 풀옵션 남한산성뷰 입주협의,1,단독매물,self_ad,True,False,https://www.zigbang.com/home/apt/items/49779113
2026-08-16 02:57:02,68594,포레나송파,49779059,zigbang,16517587,419134,rental,월세,50000,160,5.0,False,송파구,거여동,1713동,중,80.57,24.37,104.74,104E,31E,,31 방3 시에풀 인테리어 풀옵션 남한산성뷰 입주협의,1,단독매물,self_ad,True,False,https://www.zigbang.com/home/apt/items/49779059
2026-08-16 02:57:02,68594,포레나송파,49781074,zigbang,16517599,419135,rental,월세,50000,160,5.0,False,송파구,거여동,1713동,중,80.69,24.41,104.9,104F,31F,,"인테리어, 풀옵션, 에어컨풀, 컨디션좋음 ",1,단독매물,self_ad,False,False,https://www.zigbang.com/home/apt/items/49781074
2026-08-16 02:57:02,68594,포레나송파,49129907,zigbang,16517655,419132,charter,전세,85000,0,8.5,False,송파구,거여동,1714동,중,80.72,24.42,103.92,103D,31D,,"에어컨유, 융자무, 남향, 컨디션좋음 ",1,단독매물,self_ad,False,False,https://www.zigbang.com/home/apt/items/49129907
2026-08-16 02:57:02,68594,포레나송파,49592460,zigbang,16517784,419132,trade,매매,220000,0,22.0,False,송파구,거여동,1716동,10,80.72,24.42,103.92,103D,31D,,31 방3 탁트인뷰로 전망좋은집 에어컨풀 풀옵션 집상태최상,2,동일호중복,self_ad,True,False,https://www.zigbang.com/home/apt/items/49592460
2026-08-16 02:57:02,68594,포레나송파,50059010,zigbang,16517769,419135,trade,매매,220000,0,22.0,False,송파구,거여동,1716동,6,80.69,24.41,104.9,104F,31F,,"주인거주,풀옵션,전망 좋음,입주날짜조율 가능, 완전 트인뷰",1,단독매물,self_ad,True,False,https://www.zigbang.com/home/apt/items/50059010
2026-08-16 02:57:02,68594,포레나송파,49804217,zigbang,16517783,419132,charter,전세,85000,0,8.5,False,송파구,거여동,1716동,중,80.72,24.42,103.92,103D,31D,,"에어컨유, 입주협의, 컨디션좋음 초중품아",1,단독매물,self_ad,False,False,https://www.zigbang.com/home/apt/items/49804217
2026-08-16 02:57:02,68594,포레나송파,50058790,zigbang,16517766,419132,charter,전세,86000,0,8.6,False,송파구,거여동,1716동,중,80.72,24.42,103.92,103D,31D,,SS 빠른입주가능. 반전세가능. 추천 매물.초중고품은단지,1,단독매물,self_ad,False,False,https://www.zigbang.com/home/apt/items/50058790
2026-08-16 02:57:02,68594,포레나송파,49884441,zigbang,16517800,419132,charter,전세,88000,0,8.8,False,송파구,거여동,1716동,고,80.72,24.42,103.92,103D,31D,,시원하게 트인 뷰  입주협의 로얄동.층  트램라인 ,1,단독매물,self_ad,True,False,https://www.zigbang.com/home/apt/items/49884441
2026-08-16 02:57:02,68594,포레나송파,49587923,zigbang,16517784,419132,charter,전세,90000,0,9.0,False,송파구,거여동,1716동,10,80.72,24.42,103.92,103D,31D,,31 방3 탁트인뷰 전망좋은집 에어컨풀 풀옵션 집상태최상,3,동일호중복,self_ad,True,False,https://www.zigbang.com/home/apt/items/49587923
2026-08-16 02:57:02,68594,포레나송파,49587965,zigbang,16517784,419132,rental,월세,50000,180,5.0,True,송파구,거여동,1716동,10,80.72,24.42,103.92,103D,31D,,31 방3 탁트인뷰 전망좋은집 에어컨풀 풀옵션 집상태최상,2,동일호중복,self_ad,True,False,https://www.zigbang.com/home/apt/items/49587965
2026-08-16 02:57:02,68594,포레나송파,49237445,zigbang,16517766,419132,rental,월세,70000,80,7.0,False,송파구,거여동,1716동,중,80.72,24.42,103.92,103D,31D,,31 방3 화2 집상태최상 풀옵션 9월협의입주,1,단독매물,self_ad,False,False,https://www.zigbang.com/home/apt/items/49237445
2026-08-16 02:57:02,68594,포레나송파,246644,coalition,16518004,419131,trade,매매,210000,0,21.0,False,송파구,거여동,1717동,8,80.36,24.31,103.48,103C,31C,,"급매]31p 유초중고품은 대단지, 집앞 트램, 버스정류장",7,동일호중복,partner,True,False,https://www.zigbang.com/home/apt/items/246644
2026-08-16 02:57:02,68594,포레나송파,48837369,zigbang,16517986,387823,trade,매매,215000,0,21.5,False,송파구,거여동,1717동,저,75.91,22.96,97.89,97A,29A,,29 방3 화2 유초중고품은 트램역세권 대단지 ,1,단독매물,self_ad,True,False,https://www.zigbang.com/home/apt/items/48837369
2026-08-16 02:57:02,68594,포레나송파,50064005,zigbang,16518008,419132,charter,전세,85000,0,8.5,False,송파구,거여동,1717동,중,80.72,24.42,103.92,103D,31D,,융자없음 31 집상태최상 시에풀 붙박이장 10월초이후입주,1,단독매물,self_ad,True,False,https://www.zigbang.com/home/apt/items/50064005
2026-08-16 02:57:02,68594,포레나송파,50016684,zigbang,16517986,387823,rental,월세,50000,200,5.0,False,송파구,거여동,1717동,저,75.91,22.96,97.89,97A,29A,,29 방3 2 시에풀 LG오브제가전풀옵 아이키우기좋아요 ,1,단독매물,self_ad,False,False,https://www.zigbang.com/home/apt/items/50016684
2026-08-16 02:57:02,68594,포레나송파,48121863,zigbang,16518101,387823,trade,매매,215000,0,21.5,False,송파구,거여동,1718동,고,75.91,22.96,97.89,97A,29A,,29 방3 화2 유초중고품은단지 트램역2개 구조잘나왔어요,1,단독매물,self_ad,True,False,https://www.zigbang.com/home/apt/items/48121863
2026-08-16 02:57:02,20549,송파파크데일2단지,49597493,zigbang,13132334,18268,trade,매매,150000,0,15.0,False,송파구,마천동,207동,7,84.86,25.67,111.35,111B,34B,,반전세안고 남한산성뻥뷰 햇살좋은 관리잘된집 ,2,동일호중복,self_ad,True,False,https://www.zigbang.com/home/apt/items/49597493
2026-08-16 02:57:02,20549,송파파크데일2단지,252234,coalition,13132356,18269,trade,매매,180000,0,18.0,False,송파구,마천동,207동,12,84.99,25.71,111.15,111C,34C,,"서울동성중고 확정, 복합청사 신축, 숲세권미래가치풍부",2,동일호중복,partner,True,False,https://www.zigbang.com/home/apt/items/252234
2026-08-16 02:57:02,3769,아남,49790177,zigbang,1204120,30879,trade,매매,125000,0,12.5,False,송파구,마천동,1동,저,82.13,24.84,106.1,106,32,,주인O 수리되어 깨끗 성내천앞 ,1,단독매물,self_ad,True,False,https://www.zigbang.com/home/apt/items/49790177
2026-08-16 02:57:02,43,건영,246582,coalition,5404024,119,trade,매매,178000,0,17.8,False,송파구,문정동,105동,7,77.68,23.5,94.03,94,28,,교통입지 및 생활인프라 좋은 정남향 집입니다.,2,동일호중복,partner,True,False,https://www.zigbang.com/home/apt/items/246582
2026-08-16 02:57:02,6171,문정래미안,49647443,zigbang,1651138,9965,trade,매매,205000,0,20.5,False,송파구,문정동,105동,저,84.96,25.7,111.46,111,34,,"급매, 입주조율가능, 최상입지, 우수학군지, 내부상태 굿",1,단독매물,self_ad,False,False,https://www.zigbang.com/home/apt/items/49647443
2026-08-16 02:57:02,6171,문정래미안,187441,coalition,1651119,9965,trade,매매,240000,0,24.0,False,송파구,문정동,105동,16,84.96,25.7,111.46,111,34,,확트인 전망으로 로얄동 로얄층으로 두데미역 이슈가 있습니다,2,동일호중복,partner,True,False,https://www.zigbang.com/home/apt/items/187441
2026-08-16 02:57:02,6171,문정래미안,49538346,zigbang,1651956,9967,trade,매매,220000,0,22.0,False,송파구,문정동,122동,중,133.29,40.32,159.03,159,48,,"48, 급매, 내부 컨디션굿, 채광좋고 바람솔솔",1,단독매물,self_ad,False,False,https://www.zigbang.com/home/apt/items/49538346
2026-08-16 02:57:02,6171,문정래미안,239776,coalition,1651973,9967,trade,매매,235000,0,23.5,True,송파구,문정동,124동,2,133.29,40.32,159.03,159,48,,경찰병원역 개롱역 문정역 10분12 버스정류장 4개 3분,2,동일호중복,partner,True,False,https://www.zigbang.com/home/apt/items/239776
2026-08-16 02:57:02,6171,문정래미안,193339,coalition,1652053,9967,trade,매매,300000,0,30.0,False,송파구,문정동,124동,7,133.29,40.32,159.03,159,48,,오금역 경찰병원역이 걸어서 갈수있는거리이고 남향 올수리,1,단독매물,partner,True,False,https://www.zigbang.com/home/apt/items/193339
2026-08-16 02:57:02,6171,문정래미안,47035159,zigbang,1651269,9966,trade,매매,220000,0,22.0,False,송파구,문정동,126동,저,120.97,36.59,146.39,146,44,,Ace.베이직한 깔끔인테리어. 높은 저층. 뷰도 예뻐요,1,단독매물,self_ad,True,False,https://www.zigbang.com/home/apt/items/47035159
2026-08-16 02:57:02,6171,문정래미안,49790822,zigbang,1651900,9967,trade,매매,240000,0,24.0,False,송파구,문정동,130동,중,133.29,40.32,159.03,159,48,,"48, 정문 가까운 동, 깨끗하고 관리 잘 된 집",1,단독매물,self_ad,False,False,https://www.zigbang.com/home/apt/items/49790822
2026-08-16 02:57:02,6171,문정래미안,98893,coalition,1651915,9967,trade,매매,280000,0,28.0,True,송파구,문정동,130동,8,133.29,40.32,159.03,159,48,,"중문으로 소음, 난방비 절감한 집",3,동일호중복,partner,True,False,https://www.zigbang.com/home/apt/items/98893
2026-08-16 02:57:02,701,문정시영,214702,coalition,537202,1877,trade,매매,95000,0,9.5,False,송파구,문정동,10동,6,35.46,10.73,52.79,52,16,,"숲세권, 공원세권, 주민센터 도보 5분, 버스편리",1,단독매물,partner,True,False,https://www.zigbang.com/home/apt/items/214702
2026-08-16 02:57:02,701,문정시영,49897123,zigbang,537382,1878,trade,매매,119500,0,11.95,False,송파구,문정동,1동,중,39.69,12.01,61.57,61,18,,"뷰가 좋은 중층. 부엌 확장, 화장실수리완료, 깔끔",1,단독매물,self_ad,False,False,https://www.zigbang.com/home/apt/items/49897123
2026-08-16 02:57:02,701,문정시영,50010924,zigbang,537775,1878,charter,전세,27000,0,2.7,False,송파구,문정동,4동,고,39.69,12.01,61.57,61,18,,"즉시입주.에어컨,냉장고,세탁기 옵션,남서향 고층뷰",1,단독매물,self_ad,False,False,https://www.zigbang.com/home/apt/items/50010924
2026-08-16 02:57:02,701,문정시영,50025695,zigbang,538017,1878,trade,매매,114000,0,11.4,False,송파구,문정동,5동,고,39.69,12.01,61.57,61,18,,급매.입주가능.수리된집.로얄동.로얄층,1,단독매물,self_ad,True,False,https://www.zigbang.com/home/apt/items/50025695
2026-08-16 02:57:02,701,문정시영,49386646,zigbang,537051,1876,trade,매매,78000,0,7.8,False,송파구,문정동,7동,중,25.65,7.76,37.45,37,11,,"입주가능, 공세권단지, 서울시리모델링시범단지, 포스코건설",1,단독매물,self_ad,False,False,https://www.zigbang.com/home/apt/items/49386646
2026-08-16 02:57:02,701,문정시영,50011606,zigbang,537142,1876,charter,전세,17000,0,1.7,False,송파구,문정동,7동,1,25.65,7.76,37.45,37,11,,화장실. 씽크대 이전수리.도배장판 해줌.입주청소예정,1,단독매물,self_ad,False,False,https://www.zigbang.com/home/apt/items/50011606
2026-08-16 02:57:02,701,문정시영,50018019,zigbang,538149,1879,trade,매매,135000,0,13.5,False,송파구,문정동,8동,저,46.26,13.99,74.69,74,22,,최고저렴 숲세권 올수리 리모델링건축심의단,1,단독매물,self_ad,False,False,https://www.zigbang.com/home/apt/items/50018019
2026-08-16 02:57:02,701,문정시영,48860863,zigbang,538075,1879,trade,매매,149000,0,14.9,True,송파구,문정동,8동,중,46.26,13.99,74.69,74,22,,"숲뷰 로얄동 매물, 입주가능, 리모델링사업진행중,포스코건설",2,동일호중복,self_ad,False,False,https://www.zigbang.com/home/apt/items/48860863
2026-08-16 02:57:02,701,문정시영,48705768,zigbang,538112,1879,trade,매매,150000,0,15.0,False,송파구,문정동,8동,고,46.26,13.99,74.69,74,22,,리모델링 후 30평대 쓰리룸 올수리 로얄층 통풍우수,1,단독매물,self_ad,True,False,https://www.zigbang.com/home/apt/items/48705768
2026-08-16 02:57:02,7158,문정푸르지오2차,49647348,zigbang,11869795,35888,trade,매매,167000,0,16.7,False,송파구,문정동,202동,중,84.82,25.66,114.04,114A,34A,,"27년입주, 가성비투자, 내부컨디션 좋음",1,단독매물,self_ad,False,False,https://www.zigbang.com/home/apt/items/49647348
2026-08-16 02:57:02,33615,송파파크하비오푸르지오,170944,coalition,4775761,149743,trade,매매,235000,0,23.5,False,송파구,문정동,101동,14,84.97,25.7,115.69,115A,35A,,고층.공원전망. 대면형주방.시스템에어컨4.안전방충망. 중문,1,단독매물,partner,True,False,https://www.zigbang.com/home/apt/items/170944
2026-08-16 02:57:02,33615,송파파크하비오푸르지오,47369385,zigbang,4776344,149745,trade,매매,220000,0,22.0,False,송파구,문정동,109동,중,84.99,25.71,116.38,116E,35E,,"Ace.35. 입지좋은. 채광, 뷰도 좋아요.",1,단독매물,self_ad,True,False,https://www.zigbang.com/home/apt/items/47369385
2026-08-16 02:57:02,1498,올림픽훼밀리타운,49883518,zigbang,5505305,4039,trade,매매,330000,0,33.0,False,송파구,문정동,222동,저,158.7,48.01,182.8,182,55,,"55, 주인직접, 입주, 공원조망, 특 올수리",1,단독매물,self_ad,False,False,https://www.zigbang.com/home/apt/items/49883518
2026-08-16 02:57:02,1498,올림픽훼밀리타운,50066349,zigbang,5503434,4038,trade,매매,310000,0,31.0,False,송파구,문정동,301동,중,136.32,41.24,158.84,158,48,,"nice. 올수리 바로 입주가능,강력추천,입주수익 보장. ",1,단독매물,self_ad,False,False,https://www.zigbang.com/home/apt/items/50066349
2026-08-16 02:57:02,21320,트윈팰리스,253662,coalition,10536651,232906,trade,매매,112000,0,11.2,False,송파구,문정동,101동,3,84.78,25.65,103.39,103A,31A,,"깔끔하게 관리(리모델링), 학군편리, 주차와 교통 편리함 ",1,단독매물,partner,True,False,https://www.zigbang.com/home/apt/items/253662
2026-08-16 02:57:02,21320,트윈팰리스,212084,coalition,10536663,232906,trade,매매,115000,0,11.5,True,송파구,문정동,101동,9,84.78,25.65,103.39,103A,31A,,남향 조용하고 전망좋아요,2,동일호중복,partner,True,False,https://www.zigbang.com/home/apt/items/212084
2026-08-16 02:57:02,5825,현대,243374,coalition,5424476,34041,trade,매매,120000,0,12.0,False,송파구,문정동,101동,6,71.52,21.63,88.77,88,27,,"리모델링 확정, 분담음 확정, 이사만 남은 상태 ",1,단독매물,partner,True,False,https://www.zigbang.com/home/apt/items/243374
2026-08-16 02:57:02,5825,현대,49492178,zigbang,5424527,34042,trade,매매,125000,0,12.5,False,송파구,문정동,101동,고,84.03,25.42,101.42,101,31,,"리모델링 진행중, 문정역 도보 10분, 근린공원,학교인접",1,단독매물,self_ad,True,False,https://www.zigbang.com/home/apt/items/49492178
2026-08-16 02:57:02,5825,현대,244349,coalition,5424445,34042,trade,매매,125000,0,12.5,False,송파구,문정동,101동,3,84.03,25.42,101.42,101,31,,리모델링 확정으로 투자가치 상승 아파트입니다. ,2,동일호중복,partner,True,False,https://www.zigbang.com/home/apt/items/244349
2026-08-16 02:57:02,5825,현대,49268342,zigbang,5424508,34042,trade,매매,132000,0,13.2,False,송파구,문정동,101동,고,84.03,25.42,101.42,101,31,,30 로얄층 남동향 부분수리 리모델링확정,1,단독매물,self_ad,True,False,https://www.zigbang.com/home/apt/items/49268342
2026-08-16 02:57:02,80704,힐스테이트e편한세상문정,49041082,zigbang,18877679,434052,trade,매매,185000,0,18.5,False,송파구,문정동,101동,중,59.94,18.13,82.4527,82A,25A,,"채광좋은 고층 남서향, 시스템에어컨등 조합원옵션",1,단독매물,self_ad,False,False,https://www.zigbang.com/home/apt/items/49041082
2026-08-16 02:57:02,80704,힐스테이트e편한세상문정,48986238,zigbang,18877708,434052,trade,매매,190000,0,19.0,False,송파구,문정동,101동,저,59.94,18.13,82.4527,82A,25A,,24 판상형 주인거주 주방옵션 조합원옵션 풀에어컨,2,동일호중복,self_ad,True,False,https://www.zigbang.com/home/apt/items/48986238
2026-08-16 02:57:02,80704,힐스테이트e편한세상문정,49095337,zigbang,19029922,434335,trade,매매,209000,0,20.9,False,송파구,문정동,104동,중,74.95,22.67,101,101B,31B,,급매.입주가능.워터카페테리아정원이 보이는 이쁜 뷰,1,단독매물,self_ad,False,False,https://www.zigbang.com/home/apt/items/49095337
2026-08-16 02:57:02,80704,힐스테이트e편한세상문정,49117037,zigbang,19029905,434335,trade,매매,218000,0,21.8,False,송파구,문정동,104동,중,74.95,22.67,101,101B,31B,,31 로얄층 판상형 조합원옵션 채광전망굿,2,동일호중복,self_ad,True,False,https://www.zigbang.com/home/apt/items/49117037
2026-08-16 02:57:02,80704,힐스테이트e편한세상문정,48757261,zigbang,19029940,434335,trade,매매,230000,0,23.0,False,송파구,문정동,104동,중,74.95,22.67,101,101B,31B,,31 조합원옵션 로얄층 주방고급화 전망굿,1,단독매물,self_ad,True,False,https://www.zigbang.com/home/apt/items/48757261
2026-08-16 02:57:02,80704,힐스테이트e편한세상문정,49041612,zigbang,18878050,434052,trade,매매,184000,0,18.4,False,송파구,문정동,106동,중,59.94,18.13,82.4527,82A,25A,,"시스템에어컨, 김치냉장고 옵션.남서향 전세 안고 매수",1,단독매물,self_ad,False,False,https://www.zigbang.com/home/apt/items/49041612
2026-08-16 02:57:02,80704,힐스테이트e편한세상문정,49386774,zigbang,18878067,434052,trade,매매,190000,0,19.0,False,송파구,문정동,106동,중,59.94,18.13,82.4527,82A,25A,,"24신축 판상형, 입주협의, 채광좋은 로얄동, 에4",1,단독매물,self_ad,False,False,https://www.zigbang.com/home/apt/items/49386774
2026-08-16 02:57:02,80704,힐스테이트e편한세상문정,48721050,zigbang,18878016,434053,charter,전세,87000,0,8.7,False,송파구,문정동,106동,중,59.87,18.11,80.7043,80B,24B,,"귀한신축전세, 공원 뻥뷰, 출입구 인접, 에4, 조합원옵션",1,단독매물,self_ad,False,False,https://www.zigbang.com/home/apt/items/48721050
2026-08-16 02:57:02,80704,힐스테이트e편한세상문정,49728777,zigbang,19029882,434338,trade,매매,250000,0,25.0,False,송파구,문정동,107동,저,84.98,25.71,115,115CD,35CD,,34 판상형 알파룸 비스포크 주방욕실고급화 옵션,1,단독매물,self_ad,False,False,https://www.zigbang.com/home/apt/items/49728777
2026-08-16 02:57:02,80704,힐스테이트e편한세상문정,50063175,zigbang,19029876,434336,rental,월세,50000,250,5.0,False,송파구,문정동,107동,고,84.97,25.7,115,115AB,35AB,,34 로얄층 남동향 조합원옵션 ,1,단독매물,self_ad,False,False,https://www.zigbang.com/home/apt/items/50063175
2026-08-16 02:57:02,80704,힐스테이트e편한세상문정,48434225,zigbang,19029995,434335,trade,매매,235000,0,23.5,False,송파구,문정동,109동,13,74.95,22.67,101,101B,31B,,"신축프리미엄 방3화2, 남서향 해잘드는집, 풀시스템에어컨",1,단독매물,self_ad,False,False,https://www.zigbang.com/home/apt/items/48434225
2026-08-16 02:57:02,80704,힐스테이트e편한세상문정,48700406,zigbang,18878201,434055,charter,전세,94000,0,9.4,False,송파구,문정동,109동,고,74.43,22.51,102.8359,102C,31C,,"방3화2 로얄층, 트인뷰 해잘드는 집, 조합원옵션",1,단독매물,self_ad,False,False,https://www.zigbang.com/home/apt/items/48700406
2026-08-16 02:57:02,80704,힐스테이트e편한세상문정,49784223,zigbang,18878201,434055,rental,월세,70000,80,7.0,False,송파구,문정동,109동,고,74.43,22.51,102.8359,102C,31C,,로얄층 조합원옵션 에어컨4 채광통풍굿,1,단독매물,self_ad,False,False,https://www.zigbang.com/home/apt/items/49784223
2026-08-16 02:57:02,80704,힐스테이트e편한세상문정,48708784,zigbang,18878294,434052,trade,매매,190000,0,19.0,True,송파구,문정동,110동,저,59.94,18.13,82.4527,82A,25A,,판상형 풀에어컨 놀이터뷰 조합원옵,2,동일호중복,self_ad,True,False,https://www.zigbang.com/home/apt/items/48708784
2026-08-16 02:57:02,80704,힐스테이트e편한세상문정,49386806,zigbang,18878422,434052,trade,매매,190000,0,19.0,False,송파구,문정동,111동,저,59.94,18.13,82.4527,82A,25A,,"24 판상형, 입주협의, 채광좋은 로얄동, 풀시스템에어컨",1,단독매물,self_ad,False,False,https://www.zigbang.com/home/apt/items/49386806
2026-08-16 02:57:02,80704,힐스테이트e편한세상문정,48971498,zigbang,18878344,434052,trade,매매,190000,0,19.0,True,송파구,문정동,111동,저,59.94,18.13,82.4527,82A,25A,,"내집에서 보는 이쁜 공원뷰,조합원옵션",2,동일호중복,self_ad,False,False,https://www.zigbang.com/home/apt/items/48971498
2026-08-16 02:57:02,80704,힐스테이트e편한세상문정,48231045,zigbang,18878393,434052,trade,매매,210000,0,21.0,False,송파구,문정동,111동,중,59.94,18.13,82.4527,82A,25A,,25평중 로얄동. 채광좋은 전세 안고 매수가능,3,동일호중복,self_ad,False,False,https://www.zigbang.com/home/apt/items/48231045
2026-08-16 02:57:02,80704,힐스테이트e편한세상문정,50063405,zigbang,19030009,434335,trade,매매,215000,0,21.5,False,송파구,문정동,112동,중,74.95,22.67,101,101B,31B,,31 최고저렴 로얄층 남서향 뻥뷰 조합원옵션,1,단독매물,self_ad,False,False,https://www.zigbang.com/home/apt/items/50063405
2026-08-16 02:57:02,80704,힐스테이트e편한세상문정,49338819,zigbang,19030008,434335,trade,매매,225000,0,22.5,False,송파구,문정동,112동,중,74.95,22.67,101,101B,31B,,대모산이 보이는 시원한 뷰. 조합원옵션,1,단독매물,self_ad,False,False,https://www.zigbang.com/home/apt/items/49338819
2026-08-16 02:57:02,80704,힐스테이트e편한세상문정,49037503,zigbang,18878463,434056,trade,매매,225000,0,22.5,False,송파구,문정동,112동,고,74.43,22.51,102.8259,102D,31D,,31 로얄층 남동향 남한산성뷰 조합원옵션,2,동일호중복,self_ad,True,False,https://www.zigbang.com/home/apt/items/49037503
2026-08-16 02:57:02,80704,힐스테이트e편한세상문정,49066975,zigbang,19030007,434335,trade,매매,228000,0,22.8,False,송파구,문정동,112동,중,74.95,22.67,101,101B,31B,,단독 31 착한가격 로얄층 영구조망 뻥뷰 조합원옵션 ,2,동일호중복,self_ad,True,False,https://www.zigbang.com/home/apt/items/49066975
2026-08-16 02:57:02,80704,힐스테이트e편한세상문정,49326577,zigbang,18878463,434056,charter,전세,100000,0,10.0,False,송파구,문정동,112동,고,74.43,22.51,102.8259,102D,31D,,31 로얄층 남동향 남한산성뷰 조합원옵션,1,단독매물,self_ad,True,False,https://www.zigbang.com/home/apt/items/49326577
2026-08-16 02:57:02,80704,힐스테이트e편한세상문정,49728864,zigbang,19030037,434335,trade,매매,230000,0,23.0,False,송파구,문정동,113동,저,74.95,22.67,101,101B,31B,,31 판상형 남서향 조합원옵션 부출입구 인접동,1,단독매물,self_ad,False,False,https://www.zigbang.com/home/apt/items/49728864
2026-08-16 02:57:02,80704,힐스테이트e편한세상문정,49269101,zigbang,18878502,434051,rental,월세,50000,100,5.0,False,송파구,문정동,114동,저,49.4,14.94,67.9262,67B,20B,,"정남향 탁트인뷰, 풀 시스템에어컨, 펜트리있는 방2화1",1,단독매물,self_ad,False,False,https://www.zigbang.com/home/apt/items/49269101
2026-08-16 02:57:02,194,대림,50060226,zigbang,5388806,146635,trade,매매,280000,0,28.0,False,송파구,방이동,1동,4,153.47,46.42,175.53,175,53,,"초급매, 매도근저당10억가능, 일몰제, 옛수리,지분27.5",1,단독매물,self_ad,False,False,https://www.zigbang.com/home/apt/items/50060226
2026-08-16 02:57:02,194,대림,50060228,zigbang,5388826,146635,trade,매매,300000,0,30.0,False,송파구,방이동,1동,7,153.47,46.42,175.53,175,53,,"사업시행인가단계, 지분 27, 래미안선정, 이주까지2년예상",1,단독매물,self_ad,True,False,https://www.zigbang.com/home/apt/items/50060228
2026-08-16 02:57:02,194,대림,50060223,zigbang,5389463,491,trade,매매,270000,0,27.0,False,송파구,방이동,5동,6,84.91,25.69,101.94,101,31,,"확장올수리, 일몰제기간내 거래가능, 주인거주, 지분22.8",1,단독매물,self_ad,False,False,https://www.zigbang.com/home/apt/items/50060223
2026-08-16 02:57:02,194,대림,50060224,zigbang,5400110,146634,trade,매매,280000,0,28.0,False,송파구,방이동,6동,10,125.07,37.83,145.25,145,44,,"확장옛올수리, 조합원지위승계가능, 삼성래미안선정",1,단독매물,self_ad,False,False,https://www.zigbang.com/home/apt/items/50060224
2026-08-16 02:57:02,58846,동광팰리스,239577,coalition,13628809,248338,trade,매매,39000,0,3.9,False,송파구,방이동,1동,15,23.02,6.96,30.8,30B,9B,,8호선 몽촌토성역 9호선 한성백제역 도보 10분 거리,2,동일호중복,partner,True,False,https://www.zigbang.com/home/apt/items/239577
2026-08-16 02:57:02,4535,방이금호어울림,50057441,zigbang,1332116,31838,trade,매매,150000,0,15.0,False,송파구,방이동,102동,3,84.3,25.5,106.34,106,32,,"협의입주,역세권,확장,중문",2,동일호중복,self_ad,True,False,https://www.zigbang.com/home/apt/items/50057441
2026-08-16 02:57:02,4535,방이금호어울림,233324,coalition,1332144,31838,trade,매매,170000,0,17.0,False,송파구,방이동,102동,8,84.3,25.5,106.34,106,32,,"즉시입주, 공실,채광 전망우수, 로얄동/ 층,역세권,공세권",2,동일호중복,partner,True,False,https://www.zigbang.com/home/apt/items/233324
2026-08-16 02:57:02,4023,신동아타워,49463578,zigbang,9004105,175791,trade,매매,70000,0,7.0,False,송파구,방이동,1동,중,50.4,15.25,69.05,69,21,,절렴한 위치 좋은  아파트 역세권,1,단독매물,self_ad,False,False,https://www.zigbang.com/home/apt/items/49463578
2026-08-16 02:57:02,4023,신동아타워,49463598,zigbang,9004121,175791,trade,매매,73000,0,7.3,False,송파구,방이동,1동,고,50.4,15.25,69.05,69,21,,리모델링 역세권 채광좋음,1,단독매물,self_ad,False,False,https://www.zigbang.com/home/apt/items/49463598
2026-08-16 02:57:02,4023,신동아타워,49463504,zigbang,9004164,175792,trade,매매,80000,0,8.0,False,송파구,방이동,1동,중,58.38,17.66,79.97,79,24,,"리모델링된  남향, 실거주, 갭투자, 역세권",1,단독매물,self_ad,False,False,https://www.zigbang.com/home/apt/items/49463504
2026-08-16 02:57:02,4023,신동아타워,49463673,zigbang,9004153,175792,trade,매매,90000,0,9.0,False,송파구,방이동,1동,고,58.38,17.66,79.97,79,24,,즉시입주 협의 가능 리모델링됨,1,단독매물,self_ad,False,False,https://www.zigbang.com/home/apt/items/49463673
2026-08-16 02:57:02,4023,신동아타워,213286,coalition,9004187,175793,trade,매매,98000,0,9.8,False,송파구,방이동,1동,17,80.13,24.24,109.77,109,33,,"올수리,잠실역 2,8호선과 몽촌토성역과  가까운 위치",2,동일호중복,partner,True,False,https://www.zigbang.com/home/apt/items/213286
2026-08-16 02:57:02,4023,신동아타워,49463651,zigbang,9004182,175793,trade,매매,99000,0,9.9,False,송파구,방이동,1동,고,80.13,24.24,109.77,109,33,,리모델링됨 갭투자 가능 ,1,단독매물,self_ad,False,False,https://www.zigbang.com/home/apt/items/49463651
2026-08-16 02:57:02,4023,신동아타워,49463551,zigbang,9004183,175793,trade,매매,100000,0,10.0,False,송파구,방이동,1동,고,80.13,24.24,109.77,109,33,,"올리모델링, 우수한 조망, 좋은 채광, 역세권",1,단독매물,self_ad,False,False,https://www.zigbang.com/home/apt/items/49463551
2026-08-16 02:57:02,4023,신동아타워,49464240,zigbang,9004189,175793,trade,매매,125000,0,12.5,False,송파구,방이동,1동,중,80.13,24.24,109.77,109,33,,Lx하우시스 인테리어 탑층,1,단독매물,self_ad,True,False,https://www.zigbang.com/home/apt/items/49464240
2026-08-16 02:57:02,2845,올림픽선수기자촌,49961342,zigbang,12436548,5933,trade,매매,300000,0,30.0,False,송파구,방이동,108동,중,100.82,30.5,132.23,132B,40B,,"39 초급매, 부분수리, 지분 25.3, 최고의 투자처",1,단독매물,self_ad,False,False,https://www.zigbang.com/home/apt/items/49961342
2026-08-16 02:57:02,2845,올림픽선수기자촌,49996726,zigbang,12436728,5933,trade,매매,305000,0,30.5,False,송파구,방이동,111동,고,100.82,30.5,132.23,132B,40B,,"입주및 조건조율가능, 지분 25평이상, 최고의투자처",1,단독매물,self_ad,False,False,https://www.zigbang.com/home/apt/items/49996726
2026-08-16 02:57:02,2845,올림픽선수기자촌,50060273,zigbang,12436732,5933,trade,매매,310000,0,31.0,False,송파구,방이동,111동,12,100.82,30.5,132.23,132B,40B,,"옛올수리, 지분25.3, 구역지정단계, 남향, 주인거주",1,단독매물,self_ad,False,False,https://www.zigbang.com/home/apt/items/50060273
2026-08-16 02:57:02,2845,올림픽선수기자촌,50019419,zigbang,12437238,5931,trade,매매,288000,0,28.8,False,송파구,방이동,122동,고,83.06,25.13,112.4,112,34,,"세안고 매매, 27년만기",1,단독매물,self_ad,False,False,https://www.zigbang.com/home/apt/items/50019419
2026-08-16 02:57:02,2845,올림픽선수기자촌,49015195,zigbang,12437666,5933,trade,매매,350000,0,35.0,False,송파구,방이동,133동,저,100.82,30.5,132.23,132B,40B,,올수리  추진위원회 설립 3호선 연장호재. 집 볼 수있어요,1,단독매물,self_ad,False,False,https://www.zigbang.com/home/apt/items/49015195
2026-08-16 02:57:02,2845,올림픽선수기자촌,50041697,zigbang,12438093,5932,trade,매매,340000,0,34.0,False,송파구,방이동,203동,고,100.31,30.34,132.23,132A,40A,,40평 올수리 급매 적극가격조정 올림픽공원 상가 인접동,1,단독매물,self_ad,False,False,https://www.zigbang.com/home/apt/items/50041697
2026-08-16 02:57:02,2845,올림픽선수기자촌,50019335,zigbang,12438173,5931,trade,매매,285000,0,28.5,False,송파구,방이동,204동,고,83.06,25.13,112.4,112,34,,"상가인접 로얄동, 급매",1,단독매물,self_ad,False,False,https://www.zigbang.com/home/apt/items/50019335
2026-08-16 02:57:02,2845,올림픽선수기자촌,49452124,zigbang,12438108,5931,trade,매매,310000,0,31.0,False,송파구,방이동,204동,3,83.06,25.13,112.4,112,34,,주인직접 송파구 대장단지 선점기회,1,단독매물,self_ad,True,False,https://www.zigbang.com/home/apt/items/49452124
2026-08-16 02:57:02,2845,올림픽선수기자촌,50032715,zigbang,12438345,5931,trade,매매,280000,0,28.0,False,송파구,방이동,207동,중,83.06,25.13,112.4,112,34,,"급매, 로얄동, 입주 및 조건조율가능",1,단독매물,self_ad,False,False,https://www.zigbang.com/home/apt/items/50032715
2026-08-16 02:57:02,2845,올림픽선수기자촌,50060277,zigbang,12440062,5937,trade,매매,397000,0,39.7,False,송파구,방이동,257동,7,126.18,38.17,161.98,161,49,,"3년전 배관포함특올수리, 복층 거실2, 대학잘간 기운좋은집",1,단독매물,self_ad,True,False,https://www.zigbang.com/home/apt/items/50060277
2026-08-16 02:57:02,2844,코오롱,50060264,zigbang,6295908,5927,trade,매매,222000,0,22.2,False,송파구,방이동,101동,8,84.95,25.7,108.31,108,33,,"주인거주, 샷시등올수리, 입주협의,남서향트인전망",1,단독매물,self_ad,False,False,https://www.zigbang.com/home/apt/items/50060264
2026-08-16 02:57:02,2844,코오롱,50060251,zigbang,6296036,5927,charter,전세,90000,0,9.0,False,송파구,방이동,102동,8,84.95,25.7,108.31,108,33,,"확장올수리, 10월말협의, 사전예약, 오래거주가능,방산학군",1,단독매물,self_ad,False,False,https://www.zigbang.com/home/apt/items/50060251
2026-08-16 02:57:02,2844,코오롱,50060267,zigbang,6296198,5927,trade,매매,225000,0,22.5,False,송파구,방이동,103동,10,84.95,25.7,108.31,108,33,,"배관포함확장특올수리, 세7.5억안고, 시스템AC5대",1,단독매물,self_ad,False,False,https://www.zigbang.com/home/apt/items/50060267
2026-08-16 02:57:02,2844,코오롱,50060248,zigbang,6296216,5927,charter,전세,90000,0,9.0,False,송파구,방이동,103동,11,84.95,25.7,108.31,108,33,,"거실확장옛수리, 융자원금2억, 방산학군, 방이역초역세권",1,단독매물,self_ad,False,False,https://www.zigbang.com/home/apt/items/50060248
2026-08-16 02:57:02,2844,코오롱,50060260,zigbang,6296321,5927,trade,매매,222000,0,22.2,False,송파구,방이동,104동,11,84.95,25.7,108.31,108,33,,"확장올수리, 12월22일입주, 방이역초역세권, 재건축진행",1,단독매물,self_ad,False,False,https://www.zigbang.com/home/apt/items/50060260
2026-08-16 02:57:02,2844,코오롱,50060253,zigbang,6296435,5927,trade,매매,220000,0,22.0,False,송파구,방이동,105동,9,84.95,25.7,108.31,108,33,,"확장옛수리, 앞뒤 탁트임, 방산초증고바로앞동, 입주협의",1,단독매물,self_ad,False,False,https://www.zigbang.com/home/apt/items/50060253
2026-08-16 02:57:02,2844,코오롱,50060256,zigbang,6296484,5927,trade,매매,222000,0,22.2,False,송파구,방이동,105동,15,84.95,25.7,108.31,108,33,,"확장올수리, 주인거주,앞뒤트인전망,학군굿,재건축진행중",1,단독매물,self_ad,False,False,https://www.zigbang.com/home/apt/items/50060256
2026-08-16 02:57:02,530,가락삼익맨숀,50060288,zigbang,480442,1380,trade,매매,270000,0,27.0,False,송파구,송파동,201동,3,84.82,25.66,102.8,102,31,,"34신청, 이주비11억신청, 8월말까지이주예정, 디에이치",1,단독매물,self_ad,False,False,https://www.zigbang.com/home/apt/items/50060288
2026-08-16 02:57:02,530,가락삼익맨숀,50060285,zigbang,480472,1380,trade,매매,270000,0,27.0,False,송파구,송파동,205동,7,84.82,25.66,102.8,102,31,,"승계가능, 이주80완료, 이주비6억에6억추가신청 34신청",1,단독매물,self_ad,False,False,https://www.zigbang.com/home/apt/items/50060285
2026-08-16 02:57:02,10801,경남레이크파크,49559543,zigbang,8734570,167506,trade,매매,220000,0,22.0,False,송파구,송파동,1동,고,149.89,45.34,181.36,181,55,,영구 석촌호수 조망,1,단독매물,self_ad,False,False,https://www.zigbang.com/home/apt/items/49559543
2026-08-16 02:57:02,428,미성맨션,49547934,zigbang,443555,1106,trade,매매,245000,0,24.5,False,송파구,송파동,6동,14,84.95,25.7,103.19,103,31,,"31,재건축 통합건축심의중,지분넓고,수리됨, 깨끗,입주협의",1,단독매물,self_ad,False,False,https://www.zigbang.com/home/apt/items/49547934
2026-08-16 02:57:02,9072,송파KCC,49961211,zigbang,7829791,39789,trade,매매,170000,0,17.0,False,송파구,송파동,101동,저,84.7,25.62,107.7,107,32,,"급매, 가성비투자, 조용하고 살기좋은집",1,단독매물,self_ad,False,False,https://www.zigbang.com/home/apt/items/49961211
2026-08-16 02:57:02,86918,송파센텀레이크,194534,coalition,18813304,428015,trade,매매,180000,0,18.0,False,송파구,송파동,1동,3,69.4109,21.0,83.2699,83A3,25A3,,"24년 신축 첫입주, 석촌역 도보 6분 잠실역 도보 15분",1,단독매물,partner,True,False,https://www.zigbang.com/home/apt/items/194534
2026-08-16 02:57:02,80950,송파역마에스트로,49495292,zigbang,17894502,420988,trade,매매,115000,0,11.5,False,송파구,송파동,1동,중,44.5364,13.47,66.2647,66,20,,뷰좋은 남향쓰리룸 급매 초투5억대 내집마련,1,단독매물,self_ad,True,False,https://www.zigbang.com/home/apt/items/49495292
2026-08-16 02:57:02,80950,송파역마에스트로,49482967,zigbang,17894474,420990,trade,매매,118000,0,11.8,False,송파구,송파동,1동,저,52.5039,15.88,76.3839,76,23,,초투3억5천 토허제예외 탁트인뷰 송파역세권 풀에 신축급,1,단독매물,self_ad,True,False,https://www.zigbang.com/home/apt/items/49482967
2026-08-16 02:57:02,80950,송파역마에스트로,49482227,zigbang,17894472,420988,trade,매매,120000,0,12.0,False,송파구,송파동,1동,중,44.5364,13.47,66.2647,66,20,,초투3억대 매수진입가 토허제예외 공원뷰 방3화2 풀에,1,단독매물,self_ad,True,False,https://www.zigbang.com/home/apt/items/49482227
2026-08-16 02:57:02,80950,송파역마에스트로,49483738,zigbang,17894493,420990,trade,매매,135000,0,13.5,False,송파구,송파동,1동,고,52.5039,15.88,76.3839,76,23,,탁트인뷰 천정에어컨 신축급 토허제제외 절호매수기회,1,단독매물,self_ad,True,False,https://www.zigbang.com/home/apt/items/49483738
2026-08-16 02:57:02,80411,송파파밀리에더퍼스트,49897616,zigbang,18813125,432785,trade,매매,210000,0,21.0,False,송파구,송파동,101동,중,84,25.41,109.2,109A,33A,,"급매, 입주조율가능, 3년차신축, 최상급 인테리어, 공원앞",1,단독매물,self_ad,False,False,https://www.zigbang.com/home/apt/items/49897616
2026-08-16 02:57:02,80411,송파파밀리에더퍼스트,243243,coalition,18813133,432785,trade,매매,230000,0,23.0,False,송파구,송파동,101동,6,84,25.41,109.2,109A,33A,,매도인 근저당 5억원 지원,3,동일호중복,partner,True,False,https://www.zigbang.com/home/apt/items/243243
2026-08-16 02:57:02,85290,잠실더샵루벤,50043048,zigbang,17776213,418168,trade,매매,245000,0,24.5,False,송파구,송파동,101동,8,106.8873,32.33,132.77,132A,40A,,40  신축 첫입주 현재공실  시스템에어컨 풀 5대,1,단독매물,self_ad,False,False,https://www.zigbang.com/home/apt/items/50043048
2026-08-16 02:57:02,85290,잠실더샵루벤,49292050,zigbang,17776211,418168,trade,매매,250000,0,25.0,False,송파구,송파동,101동,6,106.8873,32.33,132.77,132A,40A,,40  초급매  풀옵션  송파역세권 초중고 인접,1,단독매물,self_ad,True,False,https://www.zigbang.com/home/apt/items/49292050
2026-08-16 02:57:02,85290,잠실더샵루벤,49299063,zigbang,17776257,418170,trade,매매,255000,0,25.5,False,송파구,송파동,101동,저,106.8571,32.32,133.17,133C,40C,,40  독립된 귀한구조  송파역세권  초중고 학군 좋아요,1,단독매물,self_ad,True,False,https://www.zigbang.com/home/apt/items/49299063
2026-08-16 02:57:02,85290,잠실더샵루벤,49319688,zigbang,17776278,418168,trade,매매,260000,0,26.0,False,송파구,송파동,101동,중,106.8873,32.33,132.77,132A,40A,,40  남동향  시스템에어컨 풀  송파역세권,1,단독매물,self_ad,False,False,https://www.zigbang.com/home/apt/items/49319688
2026-08-16 02:57:02,85290,잠실더샵루벤,49384493,zigbang,17776266,418170,trade,매매,300000,0,30.0,False,송파구,송파동,101동,12,106.8571,32.32,133.17,133C,40C,,40  송파역세권  독립된 구조  초중고 인접,3,동일호중복,self_ad,True,False,https://www.zigbang.com/home/apt/items/49384493
2026-08-16 02:57:02,85290,잠실더샵루벤,49895812,zigbang,17776441,418168,trade,매매,240000,0,24.0,False,송파구,송파동,102동,저,106.8873,32.33,132.77,132A,40A,,신축 40  초중고 인접  송파역세권 전망 나오는집,1,단독매물,self_ad,False,False,https://www.zigbang.com/home/apt/items/49895812
2026-08-16 02:57:02,85290,잠실더샵루벤,49670662,zigbang,17776431,418168,trade,매매,240000,0,24.0,False,송파구,송파동,102동,중,106.8873,32.33,132.77,132A,40A,,40  신축 세안고 매수가능 풀 에어컨 설치,1,단독매물,self_ad,False,False,https://www.zigbang.com/home/apt/items/49670662
2026-08-16 02:57:02,85290,잠실더샵루벤,49384633,zigbang,17776458,418168,trade,매매,240000,0,24.0,False,송파구,송파동,102동,저,106.8873,32.33,132.77,132A,40A,,40  시스템 에어컨  풀  송파역세권,1,단독매물,self_ad,False,False,https://www.zigbang.com/home/apt/items/49384633
2026-08-16 02:57:02,85290,잠실더샵루벤,49298753,zigbang,17776500,418169,trade,매매,260000,0,26.0,False,송파구,송파동,102동,중,106.9995,32.37,133.79,133B,40B,,40 신축  역세권 초중고 인접 전망좋은집,1,단독매물,self_ad,False,False,https://www.zigbang.com/home/apt/items/49298753
2026-08-16 02:57:02,85290,잠실더샵루벤,49650717,zigbang,17776413,418168,charter,전세,125000,0,12.5,False,송파구,송파동,102동,중,106.8873,32.33,132.77,132A,40A,,40  신축  입주 하시 송파역세권  풀 에어컨 설치 ,1,단독매물,self_ad,False,False,https://www.zigbang.com/home/apt/items/49650717
2026-08-16 02:57:02,1335,한양2차,49819534,zigbang,5419059,3635,trade,매매,240000,0,24.0,False,송파구,송파동,28동,고,84.92,25.69,105.3,105,32,,"속도빠른 재건축, 대지지분 최고, 수리된집, 급매",1,단독매물,self_ad,False,False,https://www.zigbang.com/home/apt/items/49819534
2026-08-16 02:57:02,1335,한양2차,50041341,zigbang,5419172,3636,trade,매매,250000,0,25.0,False,송파구,송파동,30동,중,108.68,32.88,131.05,131,40,,"초급매, 사업성 좋은단지, 지분 18평",1,단독매물,self_ad,False,False,https://www.zigbang.com/home/apt/items/50041341
2026-08-16 02:57:02,1335,한양2차,49819473,zigbang,5419252,3639,trade,매매,220000,0,22.0,False,송파구,송파동,31동,중,64.26,19.44,87.87,87,26,,"재건축, 급매, 대지지분 최고",1,단독매물,self_ad,False,False,https://www.zigbang.com/home/apt/items/49819473
2026-08-16 02:57:02,1396,현대,239406,coalition,11471125,3810,trade,매매,200000,0,20.0,False,송파구,송파동,101동,6,84.96,25.7,109.41,109,33,,꺠끗하게 리모델링 되어있어요,2,동일호중복,partner,True,False,https://www.zigbang.com/home/apt/items/239406
2026-08-16 02:57:02,74519,잠실래미안아이파크,49847235,zigbang,18740482,438646,charter,전세,175000,0,17.5,True,송파구,신천동,101동,6,84.88,25.68,113.59,113A,34A,,34유일한매물 잠실신축 편리한교통 중심상권이용편리 ,5,동일호중복,self_ad,False,False,https://www.zigbang.com/home/apt/items/49847235
2026-08-16 02:57:02,74519,잠실래미안아이파크,49861630,zigbang,18740456,438646,charter,전세,180000,0,18.0,False,송파구,신천동,101동,저,84.88,25.68,113.59,113A,34A,,"34 마지막전세 l 로얄층, 입주협의, 잠실초",1,단독매물,self_ad,False,False,https://www.zigbang.com/home/apt/items/49861630
2026-08-16 02:57:02,74519,잠실래미안아이파크,49128806,zigbang,18740659,438654,charter,전세,200000,0,20.0,False,송파구,신천동,103동,고,104.24,31.53,135.24,135D,41D,,EL34 상가동인접 편리한인프라 로얄동 조합매물,1,단독매물,self_ad,False,False,https://www.zigbang.com/home/apt/items/49128806
2026-08-16 02:57:02,74519,잠실래미안아이파크,49349786,zigbang,18740810,438656,trade,매매,550000,0,55.0,False,송파구,신천동,105동,저,118,35.69,152,152B,46B,,"잠래아초저가매물,앞전망트임,앞동없음,사정상매매,옵션충분 ",1,단독매물,self_ad,False,False,https://www.zigbang.com/home/apt/items/49349786
2026-08-16 02:57:02,74519,잠실래미안아이파크,49781265,zigbang,18740858,438659,charter,전세,70000,0,7.0,False,송파구,신천동,105동,중,129.96,39.31,165.23,165B,50B,,세대분리형12 원룸 직장인 신혼부부추천 초역세권 방1화1 ,3,동일호중복,self_ad,True,False,https://www.zigbang.com/home/apt/items/49781265
2026-08-16 02:57:02,74519,잠실래미안아이파크,49519561,zigbang,18740864,438659,charter,전세,70000,0,7.0,False,송파구,신천동,105동,고,129.96,39.31,165.23,165B,50B,,"12, 분리세대, 올림픽공원 뷰, 잠실역 트리플 역세권 ",1,단독매물,self_ad,False,False,https://www.zigbang.com/home/apt/items/49519561
2026-08-16 02:57:02,74519,잠실래미안아이파크,49806845,zigbang,18740866,438659,charter,전세,75000,0,7.5,False,송파구,신천동,105동,고,129.96,39.31,165.23,165B,50B,,"세대분리12P, 에어컨, 냉장고, 세탁기 옵션, 채광뷰 굿",1,단독매물,self_ad,True,False,https://www.zigbang.com/home/apt/items/49806845
2026-08-16 02:57:02,74519,잠실래미안아이파크,48992277,zigbang,18740854,438659,rental,월세,45000,60,4.5,False,송파구,신천동,105동,중,129.96,39.31,165.23,165B,50B,,12 분리세대 초역세권 개방감뻥뷰 하시입주가능,1,단독매물,self_ad,False,False,https://www.zigbang.com/home/apt/items/48992277
2026-08-16 02:57:02,74519,잠실래미안아이파크,49109249,zigbang,18740886,438660,rental,월세,100000,700,10.0,False,송파구,신천동,105동,중,129.96,39.31,164.89,164C,50C,,"조합50, 탁트인 뻥뷰, 초역세권, 호텔식커뮤니티 이용편리",1,단독매물,self_ad,False,False,https://www.zigbang.com/home/apt/items/49109249
2026-08-16 02:57:02,74519,잠실래미안아이파크,48911516,zigbang,18740783,438652,rental,월세,120000,320,12.0,False,송파구,신천동,105동,저,104.32,31.56,136.95,136B,41B,,트리니원34판상형 월세 조합매물 세화학군 명품단지 ,1,단독매물,self_ad,False,False,https://www.zigbang.com/home/apt/items/48911516
2026-08-16 02:57:02,74519,잠실래미안아이파크,49706716,zigbang,18741032,438662,charter,전세,115000,0,11.5,False,송파구,신천동,106동,중,157.92,47.77,205.39,205B,62B,,21p 분리세대 .신축첫입주 호텔급 커뮤니티 조식서비스 ,1,단독매물,self_ad,False,False,https://www.zigbang.com/home/apt/items/49706716
2026-08-16 02:57:02,74519,잠실래미안아이파크,49963694,zigbang,18741029,438662,charter,전세,120000,0,12.0,False,송파구,신천동,106동,저,157.92,47.77,205.39,205B,62B,,"골드조합21, 분리형원룸, 뻥뷰, 잠실초",1,단독매물,self_ad,False,False,https://www.zigbang.com/home/apt/items/49963694
2026-08-16 02:57:02,74519,잠실래미안아이파크,50018341,zigbang,18741142,438659,trade,매매,550000,0,55.0,False,송파구,신천동,107동,저,129.96,39.31,165.23,165B,50B,,"조합50, 주인의뢰, 최적의 매수타이밍,인프라 편리한 최상",4,동일호중복,self_ad,True,False,https://www.zigbang.com/home/apt/items/50018341
2026-08-16 02:57:02,74519,잠실래미안아이파크,50041517,zigbang,18741156,438659,charter,전세,75000,0,7.5,False,송파구,신천동,107동,중,129.96,39.31,165.23,165B,50B,,12P분리세대 개별 현관 독립보장 1인가구추천,1,단독매물,self_ad,False,False,https://www.zigbang.com/home/apt/items/50041517
2026-08-16 02:57:02,74519,잠실래미안아이파크,49569678,zigbang,18741186,438657,charter,전세,230000,0,23.0,False,송파구,신천동,107동,중,118,35.69,152,152C,46C,,46p 방4개 알파룸1로얄동 로얄층 최고급 커뮤니티 뻥뷰,1,단독매물,self_ad,False,False,https://www.zigbang.com/home/apt/items/49569678
2026-08-16 02:57:02,74519,잠실래미안아이파크,49569731,zigbang,18741139,438658,rental,월세,100000,680,10.0,False,송파구,신천동,107동,고,129.97,39.32,166.18,166A,50A,,"50p, PANT급 대형매물, 올림픽공원뷰, 조합원 풀옵션",1,단독매물,self_ad,False,False,https://www.zigbang.com/home/apt/items/49569731
2026-08-16 02:57:02,74519,잠실래미안아이파크,49011468,zigbang,18741352,438643,trade,매매,360000,0,36.0,False,송파구,신천동,108동,중,74.96,22.68,105.63,105A,32A,,32p 급매로 잠실신축아파트를.최다매물 보유 보라,1,단독매물,self_ad,False,False,https://www.zigbang.com/home/apt/items/49011468
2026-08-16 02:57:02,74519,잠실래미안아이파크,49234884,zigbang,18741357,438643,trade,매매,375000,0,37.5,True,송파구,신천동,108동,고,74.96,22.68,105.63,105A,32A,,"32 고층조망 l 올확장, 조율가능, 신축",2,동일호중복,self_ad,False,False,https://www.zigbang.com/home/apt/items/49234884
2026-08-16 02:57:02,74519,잠실래미안아이파크,49720295,zigbang,18741402,438649,trade,매매,439000,0,43.9,False,송파구,신천동,109동,중,84.96,25.7,113.37,113D,34D,,전세낀 매물 올림픽 공원뷰가 환상적인 아파트,1,단독매물,self_ad,False,False,https://www.zigbang.com/home/apt/items/49720295
2026-08-16 02:57:02,74519,잠실래미안아이파크,47781694,zigbang,18741513,438639,rental,월세,75000,70,7.5,False,송파구,신천동,109동,저,43.73,13.23,68.98,68,21,,새로분양한 아파트에요.전세대출이 불가능하단 점만 먼저알려요,1,단독매물,self_ad,True,False,https://www.zigbang.com/home/apt/items/47781694
2026-08-16 02:57:02,74519,잠실래미안아이파크,49962743,zigbang,18741638,438657,trade,매매,550000,0,55.0,True,송파구,신천동,110동,저,118,35.69,152,152C,46C,,"조합46, 소유자의뢰, 조용하고 아늑한동, 차분한 정원전망",6,동일호중복,self_ad,True,False,https://www.zigbang.com/home/apt/items/49962743
2026-08-16 02:57:02,74519,잠실래미안아이파크,47386979,zigbang,18741605,438661,trade,매매,630000,0,63.0,False,송파구,신천동,110동,중,157.92,47.77,205,205A,62A,,잠래아 귀한 대형평형 매매 소유주직접 63평형 최저가 강추,1,단독매물,self_ad,False,False,https://www.zigbang.com/home/apt/items/47386979
2026-08-16 02:57:02,74519,잠실래미안아이파크,50044719,zigbang,18741598,438661,trade,매매,675000,0,67.5,False,송파구,신천동,110동,저,157.92,47.77,205,205A,62A,,"62 가든뷰 l 주인의뢰, 대형평형, 조건협의, 잠실초",2,동일호중복,self_ad,True,False,https://www.zigbang.com/home/apt/items/50044719
2026-08-16 02:57:02,74519,잠실래미안아이파크,49579205,zigbang,18741603,438661,trade,매매,750000,0,75.0,False,송파구,신천동,110동,저,157.92,47.77,205,205A,62A,,62대형평형 l 올공뷰 l 미래가치상승 l 최적의입지,5,동일호중복,self_ad,True,False,https://www.zigbang.com/home/apt/items/49579205
2026-08-16 02:57:02,74519,잠실래미안아이파크,49779330,zigbang,18741650,438657,charter,전세,230000,0,23.0,True,송파구,신천동,110동,중,118,35.69,152,152C,46C,,46 초역세권 조용한동 최고급커뮤니티 넓은동간거리 알파룸,2,동일호중복,self_ad,True,False,https://www.zigbang.com/home/apt/items/49779330
2026-08-16 02:57:02,74519,잠실래미안아이파크,49023761,zigbang,18741601,438661,charter,전세,290000,0,29.0,True,송파구,신천동,110동,4,157.92,47.77,205,205A,62A,,"62 올공뷰 l 방4 화3, 내부 인테리어, 초역세권",4,동일호중복,self_ad,True,False,https://www.zigbang.com/home/apt/items/49023761
2026-08-16 02:57:02,74519,잠실래미안아이파크,50043205,zigbang,18741638,438657,rental,월세,190000,200,19.0,False,송파구,신천동,110동,저,118,35.69,152,152C,46C,,"46 정원뷰 l 주인의뢰, 아이가 행복한 집, 보증금조정가",1,단독매물,self_ad,False,False,https://www.zigbang.com/home/apt/items/50043205
2026-08-16 02:57:02,74519,잠실래미안아이파크,49629281,zigbang,18741684,438639,trade,매매,238000,0,23.8,False,송파구,신천동,111동,12,43.73,13.23,68.98,68,21,,"21평 초급매. 잠실신축 첫입주, 투자가치 최고의 집 ",1,단독매물,self_ad,False,False,https://www.zigbang.com/home/apt/items/49629281
2026-08-16 02:57:02,74519,잠실래미안아이파크,49738646,zigbang,18741794,438647,trade,매매,420000,0,42.0,False,송파구,신천동,111동,중,84.99,25.71,113.88,113B,34B,,34p 가장 인기있는 구조와 평수 좋은 가격 투자만점,1,단독매물,self_ad,False,False,https://www.zigbang.com/home/apt/items/49738646
2026-08-16 02:57:02,74519,잠실래미안아이파크,50041529,zigbang,18741685,438639,charter,전세,125000,0,12.5,False,송파구,신천동,111동,중,43.73,13.23,68.98,68,21,, 21평 조초급매물귀한소형 급전세 마지막 남은 매물,1,단독매물,self_ad,False,False,https://www.zigbang.com/home/apt/items/50041529
2026-08-16 02:57:02,74519,잠실래미안아이파크,47925996,zigbang,18741750,438641,charter,전세,140000,0,14.0,False,송파구,신천동,111동,중,59.45,17.98,87.4,87B,26B,,34p 예쁜 정원뷰 럭셔리 호텔급 커뮤니티 잠실초,1,단독매물,self_ad,False,False,https://www.zigbang.com/home/apt/items/47925996
2026-08-16 02:57:02,74519,잠실래미안아이파크,49023781,zigbang,18741724,438648,rental,월세,50000,440,5.0,False,송파구,신천동,111동,저,84.99,25.71,114.7,114C,34C,,"34 가든뷰 l 알파룸, 입주협의, 잠실초",1,단독매물,self_ad,False,False,https://www.zigbang.com/home/apt/items/49023781
2026-08-16 02:57:02,74519,잠실래미안아이파크,49519420,zigbang,18741859,438646,charter,전세,150000,0,15.0,False,송파구,신천동,112동,저,84.88,25.68,113.59,113A,34A,,잠래아 84 정원뷰 아늑한 뷰 전세,1,단독매물,self_ad,False,False,https://www.zigbang.com/home/apt/items/49519420
2026-08-16 02:57:02,74519,잠실래미안아이파크,50021802,zigbang,18741990,438662,trade,매매,650000,0,65.0,False,송파구,신천동,113동,저,157.92,47.77,205.39,205B,62B,,조합원 풀옵션 최고의커뮤니티 조용하고 한단지뷰,1,단독매물,self_ad,False,False,https://www.zigbang.com/home/apt/items/50021802
2026-08-16 02:57:02,74519,잠실래미안아이파크,50044688,zigbang,18741989,438662,trade,매매,650000,0,65.0,False,송파구,신천동,113동,저,157.92,47.77,205.39,205B,62B,,"62 급매 l 조건협의, 정원뷰, 대형평형, 잠실초",2,동일호중복,self_ad,True,False,https://www.zigbang.com/home/apt/items/50044688
2026-08-16 02:57:02,74519,잠실래미안아이파크,49023793,zigbang,18741990,438662,charter,전세,200000,0,20.0,False,송파구,신천동,113동,저,157.92,47.77,205.39,205B,62B,,41 풀옵션 조합원매물 장기거주가능 잠실초배정,1,단독매물,self_ad,False,False,https://www.zigbang.com/home/apt/items/49023793
2026-08-16 02:57:02,74519,잠실래미안아이파크,49023789,zigbang,18741984,438662,charter,전세,200000,0,20.0,False,송파구,신천동,113동,저,157.92,47.77,205.39,205B,62B,,"41 정원뷰 l 주인직접, 잠실초, 하이엔드 커뮤니티",1,단독매물,self_ad,False,False,https://www.zigbang.com/home/apt/items/49023789
2026-08-16 02:57:02,74519,잠실래미안아이파크,49548189,zigbang,18742092,438649,trade,매매,420000,0,42.0,False,송파구,신천동,114동,저,84.96,25.7,113.37,113D,34D,,뻥뷰 조합원 풀옵션 첫입주,1,단독매물,self_ad,False,False,https://www.zigbang.com/home/apt/items/49548189
2026-08-16 02:57:02,74519,잠실래미안아이파크,49560175,zigbang,18742036,438648,trade,매매,420000,0,42.0,False,송파구,신천동,114동,중,84.99,25.71,114.7,114C,34C,,"34p급매 방 , 알파룸있는 타입 뻥뷰 커뮤니티 근접 ",1,단독매물,self_ad,False,False,https://www.zigbang.com/home/apt/items/49560175
2026-08-16 02:57:02,74519,잠실래미안아이파크,49666763,zigbang,18742078,438653,trade,매매,530000,0,53.0,False,송파구,신천동,114동,고,104.32,31.56,135.75,135C,41C,,"41p 넓은방 3, 알파룸 1 올팍뷰로 트인뷰 가격조정",1,단독매물,self_ad,False,False,https://www.zigbang.com/home/apt/items/49666763
2026-08-16 02:57:02,74519,잠실래미안아이파크,50044741,zigbang,18742062,438653,trade,매매,550000,0,55.0,False,송파구,신천동,114동,중,104.32,31.56,135.75,135C,41C,,"41 정남향 l 뻥뷰, 완벽한 인프라, 하이엔드 커뮤니티",1,단독매물,self_ad,False,False,https://www.zigbang.com/home/apt/items/50044741
2026-08-16 02:57:02,74519,잠실래미안아이파크,49966697,zigbang,18742072,438653,trade,매매,550000,0,55.0,False,송파구,신천동,114동,중,104.32,31.56,135.75,135C,41C,,바로계약가능 조합원 풀옵션  전망굿굿 귀한 매매물건,1,단독매물,self_ad,False,False,https://www.zigbang.com/home/apt/items/49966697
2026-08-16 02:57:02,74519,잠실래미안아이파크,49780865,zigbang,18742070,438653,trade,매매,550000,0,55.0,False,송파구,신천동,114동,중,104.32,31.56,135.75,135C,41C,,41 o조합원지위승계o 잔금일정협의가능 풀옵션 최고급인프라,4,동일호중복,self_ad,True,False,https://www.zigbang.com/home/apt/items/49780865
2026-08-16 02:57:02,74519,잠실래미안아이파크,49183902,zigbang,18742071,438653,trade,매매,550000,0,55.0,False,송파구,신천동,114동,중,104.32,31.56,135.75,135C,41C,,뻥뷰 바로계약 가능함 로얄동 로얄층,1,단독매물,self_ad,False,False,https://www.zigbang.com/home/apt/items/49183902
2026-08-16 02:57:02,74519,잠실래미안아이파크,49023801,zigbang,18742188,438646,trade,매매,460000,0,46.0,False,송파구,신천동,115동,중,84.88,25.68,113.59,113A,34A,,34 판상형 l 귀한매물 조건협의 정남향 잠현초,1,단독매물,self_ad,False,False,https://www.zigbang.com/home/apt/items/49023801
2026-08-16 02:57:02,74519,잠실래미안아이파크,50041548,zigbang,18742294,438640,charter,전세,155000,0,15.5,False,송파구,신천동,115동,중,59.47,17.99,88.17,88A,27A,,26 전세 조합원 장기거주 풀옵션 로얄동 로얄층,1,단독매물,self_ad,False,False,https://www.zigbang.com/home/apt/items/50041548
2026-08-16 02:57:02,74519,잠실래미안아이파크,50044389,zigbang,18742318,438646,trade,매매,430000,0,43.0,False,송파구,신천동,116동,중,84.88,25.68,113.59,113A,34A,,"34 정남향 l 판상형, 세안고, 갭투, 채광좋음",3,동일호중복,self_ad,True,False,https://www.zigbang.com/home/apt/items/50044389
2026-08-16 02:57:02,74519,잠실래미안아이파크,49532620,zigbang,18742388,438646,trade,매매,435000,0,43.5,False,송파구,신천동,116동,저,84.88,25.68,113.59,113A,34A,,잠래아 34 급매 보라부동산 직매물 조합원 풀옵션,1,단독매물,self_ad,False,False,https://www.zigbang.com/home/apt/items/49532620
2026-08-16 02:57:02,74519,잠실래미안아이파크,49517077,zigbang,18742323,438646,rental,월세,5000,420,0.5,False,송파구,신천동,116동,중,84.88,25.68,113.59,113A,34A,,34 p  낮은 보증금에 월세 로얄층 호텔급 커뮤니티시설,1,단독매물,self_ad,False,False,https://www.zigbang.com/home/apt/items/49517077
2026-08-16 02:57:02,74519,잠실래미안아이파크,49234847,zigbang,18742430,438648,trade,매매,420000,0,42.0,False,송파구,신천동,117동,17,84.99,25.71,114.7,114C,34C,,"34 타워형 l 조건협의, 정원뷰, 잠현초",5,동일호중복,self_ad,False,False,https://www.zigbang.com/home/apt/items/49234847
2026-08-16 02:57:02,74519,잠실래미안아이파크,50059509,zigbang,18742427,438648,trade,매매,420000,0,42.0,False,송파구,신천동,117동,중,84.99,25.71,114.7,114C,34C,,"34조합급매 최저가 l 미래가치최고 l 방4알파룸,선호구조",1,단독매물,self_ad,False,False,https://www.zigbang.com/home/apt/items/50059509
2026-08-16 02:57:02,74519,잠실래미안아이파크,49548792,zigbang,18742546,438648,trade,매매,450000,0,45.0,False,송파구,신천동,117동,고,84.99,25.71,114.7,114C,34C,,뻥뷰 방4  조합원풀옵션 세낀매물,1,단독매물,self_ad,False,False,https://www.zigbang.com/home/apt/items/49548792
2026-08-16 02:57:02,74519,잠실래미안아이파크,49497197,zigbang,18742545,438648,trade,매매,450000,0,45.0,False,송파구,신천동,117동,고,84.99,25.71,114.7,114C,34C,,잠실신축 래미안아이파크 로얄동 로얄층 34평,6,동일호중복,self_ad,True,False,https://www.zigbang.com/home/apt/items/49497197
2026-08-16 02:57:02,74519,잠실래미안아이파크,50043244,zigbang,18742441,438648,trade,매매,450000,0,45.0,False,송파구,신천동,117동,고,84.99,25.71,114.7,114C,34C,,"34 고층 트인 조망 l 조용한 안쪽동, 풀옵션, 정남향",3,동일호중복,self_ad,True,False,https://www.zigbang.com/home/apt/items/50043244
2026-08-16 02:57:02,74519,잠실래미안아이파크,49023808,zigbang,18742540,438648,rental,월세,100000,200,10.0,False,송파구,신천동,117동,고,84.99,25.71,114.7,114C,34C,,34 알파룸 l 방4 조합원 전망시원한집,1,단독매물,self_ad,False,False,https://www.zigbang.com/home/apt/items/49023808
2026-08-16 02:57:02,74519,잠실래미안아이파크,50043138,zigbang,18742693,438639,rental,월세,10000,400,1.0,False,송파구,신천동,119동,저,43.73,13.23,68.98,68,21,,21 귀한월세 장기거주가능 풀옵션 집보기가능 로얄동,2,동일호중복,self_ad,False,False,https://www.zigbang.com/home/apt/items/50043138
2026-08-16 02:57:02,74519,잠실래미안아이파크,49962624,zigbang,18742697,438639,rental,월세,10000,400,1.0,False,송파구,신천동,119동,중,43.73,13.23,68.98,68,21,,21p예쁜정원뷰 2호선 잠실나루역 근접 보증금 조절 가능,1,단독매물,self_ad,False,False,https://www.zigbang.com/home/apt/items/49962624
2026-08-16 02:57:02,74519,잠실래미안아이파크,50043115,zigbang,18742896,438639,charter,전세,130000,0,13.0,False,송파구,신천동,120동,고,43.73,13.23,68.98,68,21,,21 라스트전세 풀옵션 장기거주가능 로얄동,2,동일호중복,self_ad,False,False,https://www.zigbang.com/home/apt/items/50043115
2026-08-16 02:57:02,74519,잠실래미안아이파크,50041261,zigbang,18742895,438639,charter,전세,130000,0,13.0,False,송파구,신천동,120동,고,43.73,13.23,68.98,68,21,,21p급전세 중문 아일랜드식탁 소유자직접 ,1,단독매물,self_ad,False,False,https://www.zigbang.com/home/apt/items/50041261
2026-08-16 02:57:02,74519,잠실래미안아이파크,49706742,zigbang,18742940,438639,charter,전세,75000,0,7.5,False,송파구,신천동,121동,중,43.73,13.23,68.98,68,21,,"21p, 알짜구조, 신축 첫 입주, 냉장고 세탁기 구비",1,단독매물,self_ad,False,False,https://www.zigbang.com/home/apt/items/49706742
2026-08-16 02:57:02,74519,잠실래미안아이파크,49769721,zigbang,18743058,438640,charter,전세,150000,0,15.0,False,송파구,신천동,123동,중,59.47,17.99,88.17,88A,27A,,하나 남은 25전세 장기거주 가능 귀한전세,1,단독매물,self_ad,False,False,https://www.zigbang.com/home/apt/items/49769721
2026-08-16 02:57:02,74519,잠실래미안아이파크,49784887,zigbang,18743096,438640,charter,전세,150000,0,15.0,False,송파구,신천동,123동,중,59.47,17.99,88.17,88A,27A,,마지막 전세매물  입주일 협의  판상형 넓게 빠진 구조,2,동일호중복,self_ad,False,False,https://www.zigbang.com/home/apt/items/49784887
2026-08-16 02:57:02,7608,잠실롯데캐슬골드,49880785,zigbang,2052944,93668,charter,전세,160000,0,16.0,False,송파구,신천동,101동,중,166.7,50.43,214.33,214A,65A,,60평대 대식구 적합 급전세 잠실역 교통편리,1,단독매물,self_ad,False,False,https://www.zigbang.com/home/apt/items/49880785
2026-08-16 02:57:02,7608,잠실롯데캐슬골드,47526595,zigbang,2053189,93681,charter,전세,450000,0,45.0,False,송파구,신천동,101동,고,243.4,73.63,312.96,312,94,,로얄층 펜트하우스 매물 ,1,단독매물,self_ad,True,False,https://www.zigbang.com/home/apt/items/47526595
2026-08-16 02:57:02,80471,잠실르엘,50044380,zigbang,18965756,442156,charter,전세,175000,0,17.5,False,송파구,신천동,101동,저,74.37,22.5,100,100A,30A,,30평 l 선호구조 l 귀한전세 l 진짜매물 l 인프라굿,1,단독매물,self_ad,False,False,https://www.zigbang.com/home/apt/items/50044380
2026-08-16 02:57:02,80471,잠실르엘,50052987,zigbang,18965755,442156,charter,전세,180000,0,18.0,False,송파구,신천동,101동,저,74.37,22.5,100,100A,30A,,30 아이키우기좋은집 놀이터 공원인접 잠현초 ,2,동일호중복,self_ad,False,False,https://www.zigbang.com/home/apt/items/50052987
2026-08-16 02:57:02,80471,잠실르엘,48483361,zigbang,18965882,442166,charter,전세,220000,0,22.0,False,송파구,신천동,101동,고,145.55,44.03,189,189,57,,41 첫입주 장기거주 로얄동호수 월세가능,1,단독매물,self_ad,False,False,https://www.zigbang.com/home/apt/items/48483361
2026-08-16 02:57:02,80471,잠실르엘,49023992,zigbang,18965871,442161,charter,전세,225000,0,22.5,False,송파구,신천동,101동,중,106.82,32.31,138,138,42,,"41 마지막 대형평형 l 고층조망, 남향, 주인직접, 신축",1,단독매물,self_ad,False,False,https://www.zigbang.com/home/apt/items/49023992
2026-08-16 02:57:02,80471,잠실르엘,49023819,zigbang,18965830,442160,charter,전세,230000,0,23.0,True,송파구,신천동,101동,중,95.07,28.76,123,123,37,,37 라스트 l 중앙광장뷰 잠현초 로얄층,4,동일호중복,self_ad,False,False,https://www.zigbang.com/home/apt/items/49023819
2026-08-16 02:57:02,80471,잠실르엘,49500639,zigbang,18965831,442160,charter,전세,230000,0,23.0,False,송파구,신천동,101동,중,95.07,28.76,123,123,37,,37 l 보면 더 예쁜집 l 풀옵션 채광굿 l 신축첫입주,1,단독매물,self_ad,False,False,https://www.zigbang.com/home/apt/items/49500639
2026-08-16 02:57:02,80471,잠실르엘,49954330,zigbang,18965723,442155,rental,월세,30000,480,3.0,True,송파구,신천동,101동,고,59.87,18.11,83,83A,25A,,25 인기동 로얄층 탁트인뷰 입주협의 풀옵션,2,동일호중복,self_ad,False,False,https://www.zigbang.com/home/apt/items/49954330
2026-08-16 02:57:02,80471,잠실르엘,50044415,zigbang,18965695,442155,rental,월세,50000,400,5.0,False,송파구,신천동,101동,고,59.87,18.11,83,83A,25A,,26 신축 귀한매물 초역세권 빠른입주가능 보증금조정가능,1,단독매물,self_ad,False,False,https://www.zigbang.com/home/apt/items/50044415
2026-08-16 02:57:02,80471,잠실르엘,49732163,zigbang,18965830,442160,rental,월세,180000,200,18.0,False,송파구,신천동,101동,중,95.07,28.76,123,123,37,,"귀한38평전세,추천매물,중앙광장뷰예쁜집,고급커뮤니티",1,단독매물,self_ad,False,False,https://www.zigbang.com/home/apt/items/49732163
2026-08-16 02:57:02,80471,잠실르엘,50021763,zigbang,18965927,442157,trade,매매,470000,0,47.0,False,송파구,신천동,102동,중,59.87,18.11,83,83A,25A,,석촌호수 롯데월드타워 잠실 생활권을 모두 누리는 르엘,1,단독매물,self_ad,False,False,https://www.zigbang.com/home/apt/items/50021763
2026-08-16 02:57:02,80471,잠실르엘,49781757,zigbang,18965983,442157,trade,매매,470000,0,47.0,False,송파구,신천동,102동,중,84.87,25.67,110,110A,33A,,34 조합원지위승계 로얄동인기층 남향 최고급인프라,3,동일호중복,self_ad,True,False,https://www.zigbang.com/home/apt/items/49781757
2026-08-16 02:57:02,80471,잠실르엘,48433764,zigbang,18965976,442157,trade,매매,470000,0,47.0,False,송파구,신천동,102동,중,84.87,25.67,110,110A,33A,,신축 귀한매물 조정가,1,단독매물,self_ad,False,False,https://www.zigbang.com/home/apt/items/48433764
2026-08-16 02:57:02,80471,잠실르엘,49967162,zigbang,18966088,442158,trade,매매,480000,0,48.0,False,송파구,신천동,102동,고,84.81,25.65,110,110B,33B,,르엘 로얄동로얄층 전망 최고의 집 조합원풀옵션 바로계약가능,1,단독매물,self_ad,False,False,https://www.zigbang.com/home/apt/items/49967162
2026-08-16 02:57:02,80471,잠실르엘,49932550,zigbang,18966086,442158,trade,매매,480000,0,48.0,False,송파구,신천동,102동,고,84.81,25.65,110,110B,33B,,롯데월드타워가 정면으로 보이는 뷰  바로계약 가능 ,1,단독매물,self_ad,False,False,https://www.zigbang.com/home/apt/items/49932550
2026-08-16 02:57:02,80471,잠실르엘,49843874,zigbang,18966053,442159,trade,매매,480000,0,48.0,False,송파구,신천동,102동,고,84.83,25.66,110,110C,33C,,잠실신축 프리미엄단지  타워뷰가 뻥뷰로 나오는  귀한매매 ,1,단독매물,self_ad,False,False,https://www.zigbang.com/home/apt/items/49843874
2026-08-16 02:57:02,80471,잠실르엘,49155098,zigbang,18966032,442159,charter,전세,170000,0,17.0,False,송파구,신천동,102동,저,84.83,25.66,110,110C,33C,,"조합34, 차분한 힐링정원뷰, 잠실역슬세권, 커뮤이용편리",1,단독매물,self_ad,True,False,https://www.zigbang.com/home/apt/items/49155098
2026-08-16 02:57:02,80471,잠실르엘,49069883,zigbang,18966077,442158,charter,전세,190000,0,19.0,False,송파구,신천동,102동,중,84.81,25.65,110,110B,33B,,조합원 풀 옵션 뻥뷰 빠른입주 원합니다,1,단독매물,self_ad,False,False,https://www.zigbang.com/home/apt/items/49069883
2026-08-16 02:57:02,80471,잠실르엘,50021780,zigbang,18966094,442165,charter,전세,360000,0,36.0,True,송파구,신천동,102동,고,134.83,40.79,175,175,53,,탁트인 월드타워뷰가 한눈에 보이는 아파트,2,동일호중복,self_ad,False,False,https://www.zigbang.com/home/apt/items/50021780
2026-08-16 02:57:02,80471,잠실르엘,49023832,zigbang,18966077,442158,rental,월세,20000,680,2.0,False,송파구,신천동,102동,중,84.81,25.65,110,110B,33B,,34 판상형 l 정남향 소액보증금 잠현초 법인가능,1,단독매물,self_ad,False,False,https://www.zigbang.com/home/apt/items/49023832
2026-08-16 02:57:02,80471,잠실르엘,49778833,zigbang,18965918,442155,rental,월세,100000,240,10.0,False,송파구,신천동,102동,저,59.87,18.11,83,83A,25A,,판상형 최고의 커뮤니티  빠른 입주가능함,1,단독매물,self_ad,False,False,https://www.zigbang.com/home/apt/items/49778833
2026-08-16 02:57:02,80471,잠실르엘,49720187,zigbang,18965890,442155,rental,월세,100000,240,10.0,False,송파구,신천동,102동,저,59.87,18.11,83,83A,25A,,오래거주 할수 있는 조합원매물 ,2,동일호중복,self_ad,False,False,https://www.zigbang.com/home/apt/items/49720187
2026-08-16 02:57:02,80471,잠실르엘,50059467,zigbang,18965964,442157,rental,월세,150000,100,15.0,False,송파구,신천동,102동,고,84.87,25.67,110,110A,33A,,"34 l 입주날짜협의 l 선호구조 판상형,풀옵션 l 채광굿",1,단독매물,self_ad,False,False,https://www.zigbang.com/home/apt/items/50059467
2026-08-16 02:57:02,80471,잠실르엘,49498587,zigbang,18966146,442155,trade,매매,375000,0,37.5,False,송파구,신천동,103동,고,59.87,18.11,83,83A,25A,,25평 매매 신축첫입주 고품격 커뮤나타 시설 적극조율,1,단독매물,self_ad,False,False,https://www.zigbang.com/home/apt/items/49498587
2026-08-16 02:57:02,80471,잠실르엘,49532637,zigbang,18966165,442157,trade,매매,450000,0,45.0,False,송파구,신천동,103동,중,84.87,25.67,110,110A,33A,,34p 판상형 잠실 럭셔리신축아파트호텔급 커뮤니티,1,단독매물,self_ad,False,False,https://www.zigbang.com/home/apt/items/49532637
2026-08-16 02:57:02,80471,잠실르엘,50021725,zigbang,18966270,442159,trade,매매,500000,0,50.0,False,송파구,신천동,103동,고,84.83,25.66,110,110C,33C,,거실에서 타워뷰가 한강뷰가 보이는 아파트,1,단독매물,self_ad,False,False,https://www.zigbang.com/home/apt/items/50021725
2026-08-16 02:57:02,80471,잠실르엘,49672359,zigbang,18966271,442159,trade,매매,510000,0,51.0,False,송파구,신천동,103동,고,84.83,25.66,110,110C,33C,,34P 월드타워가 보이는 전망 최고의 집  조합원 풀옵션,1,단독매물,self_ad,False,False,https://www.zigbang.com/home/apt/items/49672359
2026-08-16 02:57:02,80471,잠실르엘,49136204,zigbang,18966261,442159,rental,월세,120000,220,12.0,False,송파구,신천동,103동,중,84.83,25.66,110,110C,33C,,"조합34, 잠실역슬세권, 롯데타워뷰, 풀옵션, 인프라편리",1,단독매물,self_ad,False,False,https://www.zigbang.com/home/apt/items/49136204
2026-08-16 02:57:02,80471,잠실르엘,49729117,zigbang,18966348,442153,charter,전세,159000,0,15.9,False,송파구,신천동,104동,중,74.2804,22.47,100.4628,100B,30B,,30p 구조 좋고 확 트인 뷰  잠실대장 르엘 마지막 전세,1,단독매물,self_ad,False,False,https://www.zigbang.com/home/apt/items/49729117
2026-08-16 02:57:02,80471,잠실르엘,49463247,zigbang,18966344,442153,charter,전세,160000,0,16.0,False,송파구,신천동,104동,중,74.2804,22.47,100.4628,100B,30B,,르엘30평  딱1집 귀한전세 뻥트인뷰  장기거주 입주일협의,1,단독매물,self_ad,False,False,https://www.zigbang.com/home/apt/items/49463247
2026-08-16 02:57:02,80471,잠실르엘,49720258,zigbang,18966346,442153,rental,월세,50000,460,5.0,False,송파구,신천동,104동,중,74.2804,22.47,100.4628,100B,30B,,"30평 l 주인직접의뢰 l 뻥뷰,채광통풍최고 l 인프라굿",1,단독매물,self_ad,True,False,https://www.zigbang.com/home/apt/items/49720258
2026-08-16 02:57:02,80471,잠실르엘,49597308,zigbang,18966442,442159,trade,매매,500000,0,50.0,False,송파구,신천동,105동,중,84.83,25.66,110,110C,33C,,프리미엄이 붙는 타워뷰의 귀한매물,1,단독매물,self_ad,False,False,https://www.zigbang.com/home/apt/items/49597308
2026-08-16 02:57:02,80471,잠실르엘,49597223,zigbang,18966447,442159,trade,매매,500000,0,50.0,True,송파구,신천동,105동,고,84.83,25.66,110,110C,33C,,타워뷰 프리미엄이 붙는동,2,동일호중복,self_ad,False,False,https://www.zigbang.com/home/apt/items/49597223
2026-08-16 02:57:02,80471,잠실르엘,48861686,zigbang,18966488,442161,trade,매매,520000,0,52.0,True,송파구,신천동,105동,저,106.82,32.31,138,138,42,,"조합41, 잠실역슬세권, 로얄동 탁트인뷰, 최고의 미래가치",5,동일호중복,self_ad,True,False,https://www.zigbang.com/home/apt/items/48861686
2026-08-16 02:57:02,80471,잠실르엘,48666630,zigbang,18966393,442161,trade,매매,520000,0,52.0,False,송파구,신천동,105동,저,106.82,32.31,138,138,42,,매매 입주 로얄동 ,1,단독매물,self_ad,False,False,https://www.zigbang.com/home/apt/items/48666630
2026-08-16 02:57:02,80471,잠실르엘,49989100,zigbang,18966514,442161,trade,매매,600000,0,60.0,False,송파구,신천동,105동,고,106.82,32.31,138,138,42,,월드타워보는 뻥뷰  로얄동로얄층 최고의 뷰 바로 계약가능,1,단독매물,self_ad,False,False,https://www.zigbang.com/home/apt/items/49989100
2026-08-16 02:57:02,80471,잠실르엘,49989412,zigbang,18966690,442155,trade,매매,380000,0,38.0,False,송파구,신천동,107동,고,59.87,18.11,83,83A,25A,,로얄동 로얄층 25P 바로 계약가능 조합원 풀옵션 공실,1,단독매물,self_ad,False,False,https://www.zigbang.com/home/apt/items/49989412
2026-08-16 02:57:02,80471,잠실르엘,49966541,zigbang,18966692,442155,trade,매매,380000,0,38.0,False,송파구,신천동,107동,고,59.87,18.11,83,83A,25A,,바로 계약 가능한 25P 조합원 풀옵션 ,1,단독매물,self_ad,False,False,https://www.zigbang.com/home/apt/items/49966541
2026-08-16 02:57:02,80471,잠실르엘,50021744,zigbang,18966691,442155,trade,매매,380000,0,38.0,False,송파구,신천동,107동,고,59.87,18.11,83,83A,25A,,뻥뷰  바로 계약가능합니다 타원뷰가 정말 환상적 입니다,2,동일호중복,self_ad,False,False,https://www.zigbang.com/home/apt/items/50021744
2026-08-16 02:57:02,80471,잠실르엘,47793194,zigbang,18966842,442159,trade,매매,520000,0,52.0,False,송파구,신천동,108동,고,84.83,25.66,110,110C,33C,,34 추천매물 뻥뷰,1,단독매물,self_ad,False,False,https://www.zigbang.com/home/apt/items/47793194
2026-08-16 02:57:02,80471,잠실르엘,48799404,zigbang,18967053,442153,trade,매매,410000,0,41.0,False,송파구,신천동,109동,고,74.2804,22.47,100.4628,100B,30B,,30 신축 뻥뷰 롯타뷰 채광굿 개방감좋은집,1,단독매물,self_ad,False,False,https://www.zigbang.com/home/apt/items/48799404
2026-08-16 02:57:02,80471,잠실르엘,49011445,zigbang,18967050,442153,trade,매매,410000,0,41.0,False,송파구,신천동,109동,고,74.2804,22.47,100.4628,100B,30B,,30p 로얄동 로얄층 뻥뷰 잠실역 2호선 근접 상가이용편리,1,단독매물,self_ad,False,False,https://www.zigbang.com/home/apt/items/49011445
2026-08-16 02:57:02,80471,잠실르엘,47901442,zigbang,18967009,442153,rental,월세,90000,220,9.0,False,송파구,신천동,109동,중,74.2804,22.47,100.4628,100B,30B,,트리플역세권. 올확장. 풀에어컨. 융자무,1,단독매물,self_ad,True,False,https://www.zigbang.com/home/apt/items/47901442
2026-08-16 02:57:02,80471,잠실르엘,49011456,zigbang,18967217,442159,trade,매매,440000,0,44.0,False,송파구,신천동,110동,고,84.83,25.66,110,110C,33C,,34p 고층 뻥뷰 2호선편리 미래투자가치 입지인프라 최상,1,단독매물,self_ad,False,False,https://www.zigbang.com/home/apt/items/49011456
2026-08-16 02:57:02,80471,잠실르엘,50045638,zigbang,18967202,442159,trade,매매,450000,0,45.0,False,송파구,신천동,110동,중,84.83,25.66,110,110C,33C,,34 급매 l 중앙광장 조용한라인 조건협의 잠현초,1,단독매물,self_ad,False,False,https://www.zigbang.com/home/apt/items/50045638
2026-08-16 02:57:02,80471,잠실르엘,49617055,zigbang,18967228,442161,trade,매매,540000,0,54.0,False,송파구,신천동,110동,저,106.82,32.31,138,138,42,,41평 l 정원뷰 l 주인의뢰 계약가능,1,단독매물,self_ad,False,False,https://www.zigbang.com/home/apt/items/49617055
2026-08-16 02:57:02,80471,잠실르엘,49023856,zigbang,18967227,442161,trade,매매,550000,0,55.0,False,송파구,신천동,110동,저,106.82,32.31,138,138,42,,"41 로얄동 l 급매, 로얄층, 채광좋음, 조건협의",2,동일호중복,self_ad,False,False,https://www.zigbang.com/home/apt/items/49023856
2026-08-16 02:57:02,80471,잠실르엘,49738647,zigbang,18967146,442162,charter,전세,230000,0,23.0,False,송파구,신천동,110동,중,126.16,38.16,164,164,50,,48p로얄동 로얄층 중앙광장. 멋진 뷰 호텔급 커뮤니티,1,단독매물,self_ad,False,False,https://www.zigbang.com/home/apt/items/49738647
2026-08-16 02:57:02,80471,잠실르엘,49782798,zigbang,18967156,442162,charter,전세,300000,0,30.0,False,송파구,신천동,110동,고,126.16,38.16,164,164,50,,48 로얄동로얄층 로얄매물 입주협의 반전세가능 ,3,동일호중복,self_ad,True,False,https://www.zigbang.com/home/apt/items/49782798
2026-08-16 02:57:02,80471,잠실르엘,49499805,zigbang,18967190,442163,charter,전세,390000,0,39.0,False,송파구,신천동,110동,33,129.6468,39.22,171.6863,171A,52A,,"희소가치 있는 펜트하우스ㅣ폴옵션 첫입주ㅣ롯데타워,한강뷰 ",6,동일호중복,self_ad,True,False,https://www.zigbang.com/home/apt/items/49499805
2026-08-16 02:57:02,80471,잠실르엘,48993735,zigbang,18967156,442162,rental,월세,170000,520,17.0,True,송파구,신천동,110동,고,126.16,38.16,164,164,50,,잠실대장 르엘 49평형 대형평수 뻥뷰 복가득,2,동일호중복,self_ad,True,False,https://www.zigbang.com/home/apt/items/48993735
2026-08-16 02:57:02,80471,잠실르엘,49620942,zigbang,18967334,442151,rental,월세,50000,400,5.0,False,송파구,신천동,111동,중,51.9095,15.7,76.2256,76,23,,르엘23평 귀한매물 l 전철역3분 l 선호구조 l 풀옵션,4,동일호중복,self_ad,True,False,https://www.zigbang.com/home/apt/items/49620942
2026-08-16 02:57:02,80471,잠실르엘,49023880,zigbang,18967424,442151,rental,월세,30000,380,3.0,False,송파구,신천동,112동,저,51.9095,15.7,76.2256,76,23,,"23 정남향 l 판상형, 완벽한 인프라, 하이엔드 커뮤니티",1,단독매물,self_ad,False,False,https://www.zigbang.com/home/apt/items/49023880
2026-08-16 02:57:02,80471,잠실르엘,49824431,zigbang,18967471,442153,charter,전세,160000,0,16.0,False,송파구,신천동,113동,저,74.2804,22.47,100.4628,100B,30B,,30평전세  로얄동호 시원하게 트인뷰  인프라최상 ,1,단독매물,self_ad,False,False,https://www.zigbang.com/home/apt/items/49824431
2026-08-16 02:57:02,80471,잠실르엘,49823043,zigbang,18967474,442153,charter,전세,160000,0,16.0,False,송파구,신천동,113동,중,74.2804,22.47,100.4628,100B,30B,,르엘30평풀옵션 채광환기굿 시원한뷰 귀한전세 장기거주환영,1,단독매물,self_ad,False,False,https://www.zigbang.com/home/apt/items/49823043
2026-08-16 02:57:02,9449,장미1차,49896717,zigbang,8395987,11800,trade,매매,380000,0,38.0,False,송파구,신천동,10동,중,120,36.3,150.05,150,45,,장미1차 46. 조합원추천 급매. 로얄동. 로얄층,1,단독매물,self_ad,False,False,https://www.zigbang.com/home/apt/items/49896717
2026-08-16 02:57:02,9449,장미1차,49741088,zigbang,8395988,11800,trade,매매,380000,0,38.0,False,송파구,신천동,10동,중,120,36.3,150.05,150,45,,장미1차 46.  추천급매. 로얄동. 로얄층. 남향. ,1,단독매물,self_ad,False,False,https://www.zigbang.com/home/apt/items/49741088
2026-08-16 02:57:02,9449,장미1차,49932504,zigbang,8396002,11800,trade,매매,380000,0,38.0,False,송파구,신천동,10동,고,120,36.3,150.05,150,45,,"장미1차 46p, 종은가격, 학교,상가인접한 단지선호동",1,단독매물,self_ad,False,False,https://www.zigbang.com/home/apt/items/49932504
2026-08-16 02:57:02,9449,장미1차,49314745,zigbang,8395960,11800,trade,매매,390000,0,39.0,False,송파구,신천동,10동,4,120,36.3,150.05,150,45,,장미1차 46. 로얄동. 남향. 조합원추천. 입주협의,1,단독매물,self_ad,False,False,https://www.zigbang.com/home/apt/items/49314745
2026-08-16 02:57:02,9449,장미1차,49934059,zigbang,8395947,11800,trade,매매,390000,0,39.0,False,송파구,신천동,10동,저,120,36.3,150.05,150,45,,"46, 남향의 학교상가인접한, 장미최고의 추천매물",1,단독매물,self_ad,True,False,https://www.zigbang.com/home/apt/items/49934059
2026-08-16 02:57:02,9449,장미1차,49652783,zigbang,8395990,11800,charter,전세,128000,0,12.8,False,송파구,신천동,10동,중,120,36.3,150.05,150,45,,"46남향 확장 특올수리 초중학교,상가근처 로얄동,층 역세권",1,단독매물,self_ad,False,False,https://www.zigbang.com/home/apt/items/49652783
2026-08-16 02:57:02,9449,장미1차,50056042,zigbang,8396081,11799,trade,매매,365000,0,36.5,False,송파구,신천동,11동,7,99,29.95,126.78,126,38,,"장미1차 39. 온전한 방 4개, 깔끔컨디션. 따뜻한집",1,단독매물,self_ad,False,False,https://www.zigbang.com/home/apt/items/50056042
2026-08-16 02:57:02,9449,장미1차,49934085,zigbang,8396078,11799,trade,매매,370000,0,37.0,False,송파구,신천동,11동,중,99,29.95,126.78,126,38,,"장미39, 단지중앙동,거주편리한 입구동,재건축입주매물",1,단독매물,self_ad,True,False,https://www.zigbang.com/home/apt/items/49934085
2026-08-16 02:57:02,9449,장미1차,49934020,zigbang,8396203,11802,trade,매매,510000,0,51.0,False,송파구,신천동,12동,고,196.76,59.52,212.56,212,64,,"장미1차 65 재건축조합원,재건축시 펜트하우스가능함,",1,단독매물,self_ad,True,False,https://www.zigbang.com/home/apt/items/49934020
2026-08-16 02:57:02,9449,장미1차,49632191,zigbang,8396194,11801,trade,매매,520000,0,52.0,False,송파구,신천동,12동,고,174.55,52.8,186.78,186,56,,장미1차 65. 조합원추천. 남향. 로얄동. 입주협의,1,단독매물,self_ad,False,False,https://www.zigbang.com/home/apt/items/49632191
2026-08-16 02:57:02,9449,장미1차,50010685,zigbang,8396368,11801,trade,매매,430000,0,43.0,False,송파구,신천동,14동,12,174.55,52.8,186.78,186,56,,장미1차 56. 한강뷰. 조합원추천급매. 펜트신청가능세대,1,단독매물,self_ad,False,False,https://www.zigbang.com/home/apt/items/50010685
2026-08-16 02:57:02,9449,장미1차,49934109,zigbang,8396422,11799,trade,매매,370000,0,37.0,False,송파구,신천동,15동,저,99,29.95,126.78,126,38,,"39, 한강입구동, 조용한 주겅환경 최상,재건축입주투자",1,단독매물,self_ad,True,False,https://www.zigbang.com/home/apt/items/49934109
2026-08-16 02:57:02,9449,장미1차,49532661,zigbang,8396665,11798,trade,매매,350000,0,35.0,False,송파구,신천동,17동,10,82.45,24.94,108.43,108,33,,장미1차 33. A급컨디션. 로얄동. 고층 남향,1,단독매물,self_ad,False,False,https://www.zigbang.com/home/apt/items/49532661
2026-08-16 02:57:02,9449,장미1차,49933812,zigbang,8396664,11798,trade,매매,350000,0,35.0,False,송파구,신천동,17동,10,82.45,24.94,108.43,108,33,,"33,단지중앙동,타워형거주 편의,학교상가 인접한 선호동",1,단독매물,self_ad,True,False,https://www.zigbang.com/home/apt/items/49933812
2026-08-16 02:57:02,9449,장미1차,49933918,zigbang,8396715,11803,trade,매매,310000,0,31.0,False,송파구,신천동,18동,4,71.2,21.54,92.59,92,28,,"장미28, 남향, 최고로얄동, 학교상가인접한 선호동",1,단독매물,self_ad,True,False,https://www.zigbang.com/home/apt/items/49933918
2026-08-16 02:57:02,9449,장미1차,49584784,zigbang,8396757,11803,rental,월세,30000,160,3.0,True,송파구,신천동,18동,11,71.2,21.54,92.59,92,28,,장미1차 28. 특올수리.  로얄동. 남향 . 7월입주,2,동일호중복,self_ad,False,False,https://www.zigbang.com/home/apt/items/49584784
2026-08-16 02:57:02,9449,장미1차,49933702,zigbang,8396756,11803,rental,월세,30000,160,3.0,False,송파구,신천동,18동,고,71.2,21.54,92.59,92,28,,28남향 빠른입주 특올수리 초중근처 로얄동 2호선초역세권,1,단독매물,self_ad,False,False,https://www.zigbang.com/home/apt/items/49933702
2026-08-16 02:57:02,9449,장미1차,49933916,zigbang,8396829,11799,rental,월세,20000,250,2.0,False,송파구,신천동,19동,중,99,29.95,126.78,126,38,,39수리잘된 단지중앙 로얄동 융무 초중학세권 더블역세권,1,단독매물,self_ad,False,False,https://www.zigbang.com/home/apt/items/49933916
2026-08-16 02:57:02,9449,장미1차,49584887,zigbang,8395004,11803,trade,매매,300000,0,30.0,False,송파구,신천동,1동,6,71.2,21.54,92.59,92,28,,장미1차 28. 무주택자 갭투급매. 로얄동. 로얄층. 남향,1,단독매물,self_ad,False,False,https://www.zigbang.com/home/apt/items/49584887
2026-08-16 02:57:02,9449,장미1차,49932520,zigbang,8394999,11803,trade,매매,300000,0,30.0,False,송파구,신천동,1동,중,71.2,21.54,92.59,92,28,,"1차 28, 세안고 갭투가능매물 ,삼성sds 앞,학교인접",1,단독매물,self_ad,True,False,https://www.zigbang.com/home/apt/items/49932520
2026-08-16 02:57:02,9449,장미1차,49532705,zigbang,8395106,11803,trade,매매,305000,0,30.5,False,송파구,신천동,1동,14,71.2,21.54,92.59,92,28,,장미1차 28. 조합원추천급매. 고층 남향. 빠른입주가능,1,단독매물,self_ad,False,False,https://www.zigbang.com/home/apt/items/49532705
2026-08-16 02:57:02,9449,장미1차,49934210,zigbang,8395066,11803,trade,매매,305000,0,30.5,False,송파구,신천동,1동,고,71.2,21.54,92.59,92,28,,"장미1차28, 급매,세안고갭투 잠실역 이용. 주민선호동",1,단독매물,self_ad,True,False,https://www.zigbang.com/home/apt/items/49934210
2026-08-16 02:57:02,9449,장미1차,50062793,zigbang,8395157,11803,trade,매매,300000,0,30.0,False,송파구,신천동,2동,4,71.2,21.54,92.59,92,28,,장미1차 28. 조합원 추천급매. 로얄동. 남향. 입주협의,1,단독매물,self_ad,False,False,https://www.zigbang.com/home/apt/items/50062793
2026-08-16 02:57:02,9449,장미1차,49933983,zigbang,8395221,11803,trade,매매,300000,0,30.0,False,송파구,신천동,2동,고,71.2,21.54,92.59,92,28,," 28. 세안고 갭투,올수리, 학교상가 인접한 주민선호동",1,단독매물,self_ad,True,False,https://www.zigbang.com/home/apt/items/49933983
2026-08-16 02:57:02,9449,장미1차,49492767,zigbang,8395260,11803,trade,매매,303000,0,30.3,False,송파구,신천동,2동,고,71.2,21.54,92.59,92,28,,장미1차 28. 조합원 추천급매. 고층. 남향. 입주협의,1,단독매물,self_ad,False,False,https://www.zigbang.com/home/apt/items/49492767
2026-08-16 02:57:02,9449,장미1차,49769350,zigbang,8395155,11803,trade,매매,305000,0,30.5,False,송파구,신천동,2동,4,71.2,21.54,92.59,92,28,,장미1차 28. 조합원 최저가 추천급매. 로얄동. 남향,1,단독매물,self_ad,False,False,https://www.zigbang.com/home/apt/items/49769350
2026-08-16 02:57:02,9449,장미1차,49893839,zigbang,8395133,11803,rental,월세,20000,220,2.0,False,송파구,신천동,2동,2,71.2,21.54,92.59,92,28,,장미1차 28. 특올수리. 남향. 빠른입주가. 초역세권,1,단독매물,self_ad,False,False,https://www.zigbang.com/home/apt/items/49893839
2026-08-16 02:57:02,9449,장미1차,49506928,zigbang,8395130,11803,rental,월세,55000,100,5.5,False,송파구,신천동,2동,2,71.2,21.54,92.59,92,28,,장미1차 28. A급컨디션. 신혼추천. 8월 입주,1,단독매물,self_ad,False,False,https://www.zigbang.com/home/apt/items/49506928
2026-08-16 02:57:02,9449,장미1차,49933692,zigbang,8395640,11803,trade,매매,310000,0,31.0,False,송파구,신천동,6동,14,71.2,21.54,92.59,92,28,,"한강조망권, 장미28 남향, 재건축덪와 투자가 동시에.",1,단독매물,self_ad,True,False,https://www.zigbang.com/home/apt/items/49933692
2026-08-16 02:57:02,9449,장미1차,49933764,zigbang,8395615,11798,trade,매매,345000,0,34.5,True,송파구,신천동,6동,10,82.45,24.94,108.43,108,33,,"장미1차33,한강조망,조용한동,재건축입주 추천",3,동일호중복,self_ad,True,False,https://www.zigbang.com/home/apt/items/49933764
2026-08-16 02:57:02,9449,장미1차,50041217,zigbang,8395715,11800,trade,매매,380000,0,38.0,False,송파구,신천동,7동,10,120,36.3,150.05,150,45,,장미1차 46. 한강변 고층. 조합원추천 급매. 입주협의,1,단독매물,self_ad,False,False,https://www.zigbang.com/home/apt/items/50041217
2026-08-16 02:57:02,9449,장미1차,49934309,zigbang,8395728,11800,trade,매매,398000,0,39.8,False,송파구,신천동,7동,고,120,36.3,150.05,150,45,,"39,한강조망이 좋아요,재건축입주,조용한동.주민선호",1,단독매물,self_ad,True,False,https://www.zigbang.com/home/apt/items/49934309
2026-08-16 02:57:02,9449,장미1차,49315879,zigbang,8395833,11800,trade,매매,380000,0,38.0,False,송파구,신천동,8동,12,120,36.3,150.05,150,45,,장미1차 46. 무주택자 갭투가능. 로얄동. 고층 남향. ,1,단독매물,self_ad,False,False,https://www.zigbang.com/home/apt/items/49315879
2026-08-16 02:57:02,9449,장미1차,49632096,zigbang,8395852,11800,trade,매매,390000,0,39.0,False,송파구,신천동,8동,14,120,36.3,150.05,150,45,,장미1차 46. 로얄동. 고층. 남향. 조합원추천 ,1,단독매물,self_ad,False,False,https://www.zigbang.com/home/apt/items/49632096
2026-08-16 02:57:02,9450,장미2차,49934287,zigbang,13396468,247227,trade,매매,390000,0,39.0,False,송파구,신천동,22동,중,141.78,42.89,152.96,152A,46A,,"장미2차46, 동간간겪넓어 살기좋은집,전철5분,재건축추천",1,단독매물,self_ad,True,False,https://www.zigbang.com/home/apt/items/49934287
2026-08-16 02:57:02,9450,장미2차,49933943,zigbang,13396488,247226,trade,매매,370000,0,37.0,False,송파구,신천동,23동,저,122.08,36.93,131.99,131,40,,"장미2차, 로얄동 급매, 단지중앙동으로 주민선도동. ",1,단독매물,self_ad,True,False,https://www.zigbang.com/home/apt/items/49933943
2026-08-16 02:57:02,9450,장미2차,49933878,zigbang,13396628,11805,trade,매매,370000,0,37.0,False,송파구,신천동,24동,저,119.57,36.17,128.93,128A,39A,,"장미2차39, 급매,재건축투자,단지중앙동",1,단독매물,self_ad,True,False,https://www.zigbang.com/home/apt/items/49933878
2026-08-16 02:57:02,9450,장미2차,49315235,zigbang,13396805,247223,trade,매매,370000,0,37.0,False,송파구,신천동,25동,3,118.41,35.82,127.83,127B,38B,,장미2차 39. 무주택자 갭투자 28년 4월 입주협의,5,동일호중복,self_ad,True,False,https://www.zigbang.com/home/apt/items/49315235
2026-08-16 02:57:02,9450,장미2차,49934231,zigbang,13396812,247223,trade,매매,370000,0,37.0,False,송파구,신천동,25동,3,118.41,35.82,127.83,127B,38B,,"39p, 전철도보5분,남향의 햇살좋은집,재건축입주",1,단독매물,self_ad,True,False,https://www.zigbang.com/home/apt/items/49934231
2026-08-16 02:57:02,9450,장미2차,49850829,zigbang,13396944,247219,trade,매매,335000,0,33.5,False,송파구,신천동,26동,저,101.98,30.85,110.3,110B,33B,,장미2차 33. 조합원 최저가급매. 한강변. 초역세권,1,단독매물,self_ad,False,False,https://www.zigbang.com/home/apt/items/49850829
2026-08-16 02:57:02,9450,장미2차,49934168,zigbang,13396879,247219,trade,매매,335000,0,33.5,False,송파구,신천동,26동,고,101.98,30.85,110.3,110B,33B,,"2차33p, 한강입구동,재건축조합원매물,잠실나루역도보5분",1,단독매물,self_ad,False,False,https://www.zigbang.com/home/apt/items/49934168
2026-08-16 02:57:02,9450,장미2차,50030881,zigbang,13397007,247219,charter,전세,75000,0,7.5,False,송파구,신천동,26동,8,101.98,30.85,110.3,110B,33B,,2차33 올수리 잠실나루역초역세권 초중학세권 한강공원입구동,2,동일호중복,self_ad,False,False,https://www.zigbang.com/home/apt/items/50030881
2026-08-16 02:57:02,9450,장미2차,49933728,zigbang,13397169,11807,trade,매매,320000,0,32.0,False,송파구,신천동,27동,중,86.41,26.14,93.62,93B,28B,,"장미2차 28, 전철3분,남향의 주민선호동,재건축입주와투자",1,단독매물,self_ad,True,False,https://www.zigbang.com/home/apt/items/49933728
2026-08-16 02:57:02,9450,장미2차,49652483,zigbang,13397169,11807,rental,월세,20000,200,2.0,True,송파구,신천동,27동,7,86.41,26.14,93.62,93B,28B,,장미2차 28. 특 올수리 후 첫입주. 초역세권. 입주협의,2,동일호중복,self_ad,False,False,https://www.zigbang.com/home/apt/items/49652483
2026-08-16 02:57:02,9450,장미2차,49933849,zigbang,13397532,247217,trade,매매,350000,0,35.0,False,송파구,신천동,30동,중,101.06,30.57,109.29,109A,33A,,"33p,세안고갭투,전철도보3분,재건축추자매물",2,동일호중복,self_ad,True,False,https://www.zigbang.com/home/apt/items/49933849
2026-08-16 02:57:02,9450,장미2차,49739451,zigbang,13397518,247217,trade,매매,350000,0,35.0,False,송파구,신천동,30동,중,101.06,30.57,109.29,109A,33A,,"재건축진행중, 빠른입주 가능, 지하철역세권 ",1,단독매물,self_ad,False,False,https://www.zigbang.com/home/apt/items/49739451
2026-08-16 02:57:02,9450,장미2차,49315706,zigbang,13397586,247216,trade,매매,340000,0,34.0,False,송파구,신천동,31동,14,101.02,30.56,110.6,110A,33A,,장미2차 33. 로얄동. 고층. 남향. 빠른입주가,1,단독매물,self_ad,False,False,https://www.zigbang.com/home/apt/items/49315706
2026-08-16 02:57:02,9451,장미3차,49314668,zigbang,7653421,40883,trade,매매,420000,0,42.0,False,송파구,신천동,1동,8,134.16,40.58,157.08,157,47,,장미3차 49. 특올수리. 주인거주. 로얄층. 남향,1,단독매물,self_ad,False,False,https://www.zigbang.com/home/apt/items/49314668
2026-08-16 02:57:02,9451,장미3차,49574256,zigbang,7653499,40883,trade,매매,420000,0,42.0,False,송파구,신천동,2동,중,134.16,40.58,157.08,157,47,,"3차49p매션,넓은방4개,주차공간 넉넉, 계단식,도시가스",1,단독매물,self_ad,True,False,https://www.zigbang.com/home/apt/items/49574256
2026-08-16 02:57:02,9451,장미3차,49714909,zigbang,7653492,40883,charter,전세,130000,0,13.0,False,송파구,신천동,2동,7,134.16,40.58,157.08,157,47,,장미3차 49. 특A급올수리. 빠른입주가능. 남향 로얄층,1,단독매물,self_ad,False,False,https://www.zigbang.com/home/apt/items/49714909
2026-08-16 02:57:02,16629,파크리오,49531227,zigbang,4453989,13864,trade,매매,137000,0,13.7,True,송파구,신천동,101동,중,35.24,10.66,52.99,52,16,,귀한 소형 평형 매매  2호선 잠실나루역 3분 분리형 중문,4,동일호중복,self_ad,True,False,https://www.zigbang.com/home/apt/items/49531227
2026-08-16 02:57:02,16629,파크리오,49738599,zigbang,4453988,13864,trade,매매,145000,0,14.5,False,송파구,신천동,101동,중,35.24,10.66,52.99,52,16,,"16p 잠실나루역 상가이용 출,퇴근 편리 채광 좋고 환한집",1,단독매물,self_ad,False,False,https://www.zigbang.com/home/apt/items/49738599
2026-08-16 02:57:02,16629,파크리오,49567747,zigbang,4453957,13864,charter,전세,70000,0,7.0,False,송파구,신천동,101동,저,35.24,10.66,52.99,52,16,,전철역2분ㅣ16평ㅣ붙박이 확장 중문 l 편의시설 가까운동 ,1,단독매물,self_ad,False,False,https://www.zigbang.com/home/apt/items/49567747
2026-08-16 02:57:02,16629,파크리오,49570791,zigbang,4453973,13864,charter,전세,70000,0,7.0,False,송파구,신천동,101동,중,35.24,10.66,52.99,52,16,,16평  넓은 원름 전세 확장 수리 내부 깨끗,1,단독매물,self_ad,False,False,https://www.zigbang.com/home/apt/items/49570791
2026-08-16 02:57:02,16629,파크리오,49569802,zigbang,4453964,13864,rental,월세,5000,170,0.5,False,송파구,신천동,101동,중,35.24,10.66,52.99,52,16,,16p 낮은 보증금  잠실나루역 이용,1,단독매물,self_ad,False,False,https://www.zigbang.com/home/apt/items/49569802
2026-08-16 02:57:02,16629,파크리오,49237959,zigbang,4453973,13864,rental,월세,10000,190,1.0,False,송파구,신천동,101동,중,35.24,10.66,52.99,52,16,,16 초역세권 착한임대 나무뷰 ,1,단독매물,self_ad,True,False,https://www.zigbang.com/home/apt/items/49237959
2026-08-16 02:57:02,16629,파크리오,49567496,zigbang,4453957,13864,rental,월세,50000,80,5.0,False,송파구,신천동,101동,저,35.24,10.66,52.99,52,16,,전철역2분ㅣ상가인접동ㅣ16평ㅣ붙박이 확장 중문ㅣ롯데타워뷰,1,단독매물,self_ad,False,False,https://www.zigbang.com/home/apt/items/49567496
2026-08-16 02:57:02,16629,파크리오,50041500,zigbang,4454209,13864,charter,전세,65000,0,6.5,False,송파구,신천동,102동,고,35.24,10.66,52.99,52,16,,"16, 롯데타워뷰, 올수리, 신혼부부와 1인 가구 추천",1,단독매물,self_ad,False,False,https://www.zigbang.com/home/apt/items/50041500
2026-08-16 02:57:02,16629,파크리오,49738624,zigbang,4454089,13864,rental,월세,20000,200,2.0,False,송파구,신천동,102동,저,35.24,10.66,52.99,52,16,,16평 입주협의 장기거주가능 보증금조정 상가 지하철이용편리,1,단독매물,self_ad,False,False,https://www.zigbang.com/home/apt/items/49738624
2026-08-16 02:57:02,16629,파크리오,49297808,zigbang,4454111,13864,rental,월세,25000,150,2.5,False,송파구,신천동,102동,저,35.24,10.66,52.99,52,16,,16 초역세권 뻥뷰 나무뷰 지하철5분이내,1,단독매물,self_ad,False,False,https://www.zigbang.com/home/apt/items/49297808
2026-08-16 02:57:02,16629,파크리오,49297706,zigbang,4454131,13864,rental,월세,45000,60,4.5,False,송파구,신천동,102동,중,35.24,10.66,52.99,52,16,,16 초역세권 공원뷰 나무뷰 거주만족도최상 수리예정,1,단독매물,self_ad,True,False,https://www.zigbang.com/home/apt/items/49297706
2026-08-16 02:57:02,16629,파크리오,49509002,zigbang,4454132,13864,rental,월세,50000,80,5.0,False,송파구,신천동,102동,중,35.24,10.66,52.99,52,16,,16 초역세권 수리예정 빠른입주가능 보증금조정가능,1,단독매물,self_ad,False,False,https://www.zigbang.com/home/apt/items/49509002
2026-08-16 02:57:02,16629,파크리오,49571537,zigbang,4454157,13864,rental,월세,50000,80,5.0,False,송파구,신천동,102동,중,35.24,10.66,52.99,52,16,,16 평 확장 중문설치 내부 깨끗 남향 환한집,1,단독매물,self_ad,False,False,https://www.zigbang.com/home/apt/items/49571537
2026-08-16 02:57:02,16629,파크리오,49874691,zigbang,4454904,13866,trade,매매,318000,0,31.8,False,송파구,신천동,103동,고,59.86,18.11,86.74,86B,26B,,"트인뷰, 우수학군지, 올수리",1,단독매물,self_ad,False,False,https://www.zigbang.com/home/apt/items/49874691
2026-08-16 02:57:02,16629,파크리오,49470509,zigbang,4454328,13865,rental,월세,10000,400,1.0,False,송파구,신천동,104동,중,59.95,18.13,86.85,86A,26A,,26 초역세권 방3개화장실2개 수리예정,1,단독매물,self_ad,False,False,https://www.zigbang.com/home/apt/items/49470509
2026-08-16 02:57:02,16629,파크리오,49668605,zigbang,4454330,13865,rental,월세,20000,360,2.0,False,송파구,신천동,104동,중,59.95,18.13,86.85,86A,26A,,26 초역세권 깔끔한집 잠현초학군,1,단독매물,self_ad,False,False,https://www.zigbang.com/home/apt/items/49668605
2026-08-16 02:57:02,16629,파크리오,49291735,zigbang,4454373,13865,trade,매매,280000,0,28.0,False,송파구,신천동,105동,중,59.95,18.13,86.85,86A,26A,,26 추천매물,2,동일호중복,self_ad,False,False,https://www.zigbang.com/home/apt/items/49291735
2026-08-16 02:57:02,16629,파크리오,49822227,zigbang,4448564,13858,rental,월세,10000,500,1.0,False,송파구,신천동,107동,중,84.97,25.7,108.23,108A,33A,,32p저렴 보증금 2.8.9호선 트리플역세권 ,1,단독매물,self_ad,False,False,https://www.zigbang.com/home/apt/items/49822227
2026-08-16 02:57:02,16629,파크리오,48563835,zigbang,4448687,13858,trade,매매,310000,0,31.0,False,송파구,신천동,108동,고,84.97,25.7,108.23,108A,33A,,"32에이타입 ㅇ 초역세권 ㅇ한강조망최상,올확장,초급매",1,단독매물,self_ad,False,False,https://www.zigbang.com/home/apt/items/48563835
2026-08-16 02:57:02,16629,파크리오,50046103,zigbang,4448735,13858,trade,매매,320000,0,32.0,False,송파구,신천동,109동,고,84.97,25.7,108.23,108A,33A,,"32 확장 l 화이트톤 특올수리, 판상형, 초역세권, 잠현",1,단독매물,self_ad,False,False,https://www.zigbang.com/home/apt/items/50046103
2026-08-16 02:57:02,16629,파크리오,49531813,zigbang,4452784,13862,trade,매매,353000,0,35.3,True,송파구,신천동,111동,저,121.63,36.79,149.93,149,45,,45p 추천매물 확장 채광좋고 밝은집  잠실나루역 상가근접,2,동일호중복,self_ad,True,False,https://www.zigbang.com/home/apt/items/49531813
2026-08-16 02:57:02,16629,파크리오,49987533,zigbang,4452800,13862,trade,매매,400000,0,40.0,False,송파구,신천동,111동,중,121.63,36.79,149.93,149,45,,45 추천매물 ,2,동일호중복,self_ad,False,False,https://www.zigbang.com/home/apt/items/49987533
2026-08-16 02:57:02,16629,파크리오,49995727,zigbang,4452797,13862,rental,월세,50000,500,5.0,False,송파구,신천동,111동,중,121.63,36.79,149.93,149,45,,45 한강뷰 특수리 초역세권 날짜협의가능,1,단독매물,self_ad,False,False,https://www.zigbang.com/home/apt/items/49995727
2026-08-16 02:57:02,16629,파크리오,49987511,zigbang,4452800,13862,rental,월세,50000,500,5.0,False,송파구,신천동,111동,중,121.63,36.79,149.93,149,45,,45 최신수리 추천매물 한강뷰,2,동일호중복,self_ad,False,False,https://www.zigbang.com/home/apt/items/49987511
2026-08-16 02:57:02,16629,파크리오,49767596,zigbang,4450780,13861,trade,매매,330000,0,33.0,False,송파구,신천동,112동,고,84.9,25.68,109.62,109C,33C,,33 초역세권 롯타뷰 한강뷰 개방감굿 잠현초학군,1,단독매물,self_ad,False,False,https://www.zigbang.com/home/apt/items/49767596
2026-08-16 02:57:02,16629,파크리오,49988012,zigbang,4448766,13859,charter,전세,135000,0,13.5,False,송파구,신천동,112동,저,84.79,25.65,108.82,108B,33B,,내부 매우 깔끔 l 이사날짜협의 l 매물다양 전화문의 ,1,단독매물,self_ad,False,False,https://www.zigbang.com/home/apt/items/49988012
2026-08-16 02:57:02,16629,파크리오,49738631,zigbang,4450745,13861,rental,월세,20000,400,2.0,False,송파구,신천동,112동,저,84.9,25.68,109.62,109C,33C,,33p 초역세권 인프라 좋은곳 지하철이용편리 저렴 보증금 ,1,단독매물,self_ad,False,False,https://www.zigbang.com/home/apt/items/49738631
2026-08-16 02:57:02,16629,파크리오,49081680,zigbang,4450527,13860,trade,매매,310000,0,31.0,False,송파구,신천동,113동,중,84.79,25.65,108.82,108B1,33B1,,32 초역세권 로얄동호수 세안고 입주협의가능,1,단독매물,self_ad,False,False,https://www.zigbang.com/home/apt/items/49081680
2026-08-16 02:57:02,16629,파크리오,48593348,zigbang,4448839,13859,trade,매매,310000,0,31.0,False,송파구,신천동,113동,중,84.79,25.65,108.82,108B,33B,,"32 급매 l 판상형, 확장, 조건협의, 중앙보행로, 역세",2,동일호중복,self_ad,False,False,https://www.zigbang.com/home/apt/items/48593348
2026-08-16 02:57:02,16629,파크리오,49290970,zigbang,4448879,13859,trade,매매,310000,0,31.0,False,송파구,신천동,114동,중,84.79,25.65,108.82,108B,33B,,"초역세권,무주택자선호,높은세안고가능,올확장,로얄층",1,단독매물,self_ad,False,False,https://www.zigbang.com/home/apt/items/49290970
2026-08-16 02:57:02,16629,파크리오,49843660,zigbang,4450873,13861,charter,전세,130000,0,13.0,False,송파구,신천동,114동,저,84.9,25.68,109.62,109C,33C,,"33 확장 l 주인의뢰, 올수리, 컨디션 좋음, 초역세권",2,동일호중복,self_ad,False,False,https://www.zigbang.com/home/apt/items/49843660
2026-08-16 02:57:02,16629,파크리오,48897246,zigbang,4448957,13859,trade,매매,310000,0,31.0,False,송파구,신천동,115동,고,84.79,25.65,108.82,108B,33B,,"32 초역세권,한강전망뷰,올확장.초저가매물,로얄층",1,단독매물,self_ad,False,False,https://www.zigbang.com/home/apt/items/48897246
2026-08-16 02:57:02,16629,파크리오,48564059,zigbang,4448915,13859,trade,매매,310000,0,31.0,False,송파구,신천동,115동,중,84.79,25.65,108.82,108B,33B,,"초역세권,로얄층,확장,상가근접,귀한판상형",1,단독매물,self_ad,False,False,https://www.zigbang.com/home/apt/items/48564059
2026-08-16 02:57:02,16629,파크리오,49656076,zigbang,4450977,13861,rental,월세,10000,420,1.0,False,송파구,신천동,115동,중,84.9,25.68,109.62,109C,33C,,확장형 초역세권 귀한월세,1,단독매물,self_ad,False,False,https://www.zigbang.com/home/apt/items/49656076
2026-08-16 02:57:02,16629,파크리오,48946214,zigbang,4452890,13862,trade,매매,370000,0,37.0,False,송파구,신천동,116동,고,121.63,36.79,149.93,149,45,,45 추천매물 초역세권 뻥뷰 롯타뷰 ,1,단독매물,self_ad,False,False,https://www.zigbang.com/home/apt/items/48946214
2026-08-16 02:57:02,16629,파크리오,49783796,zigbang,4452884,13862,trade,매매,370000,0,37.0,False,송파구,신천동,116동,고,121.63,36.79,149.93,149,45,,45 o귀한1단지매매o 타워뷰 한강뷰 강력추천 잔금일자협의,1,단독매물,self_ad,True,False,https://www.zigbang.com/home/apt/items/49783796
2026-08-16 02:57:02,16629,파크리오,50046369,zigbang,4452951,13862,trade,매매,358000,0,35.8,True,송파구,신천동,117동,고,121.63,36.79,149.93,149,45,,"45 확장 l 정남향, 고층 뷰맛집, 역세권, 잠현초",3,동일호중복,self_ad,False,False,https://www.zigbang.com/home/apt/items/50046369
2026-08-16 02:57:02,16629,파크리오,49192467,zigbang,4452969,13862,trade,매매,360000,0,36.0,False,송파구,신천동,118동,저,121.63,36.79,149.93,149,45,,"역세권중층,올확장,안정적인조망권,높은세안고가능 ",1,단독매물,self_ad,False,False,https://www.zigbang.com/home/apt/items/49192467
2026-08-16 02:57:02,16629,파크리오,49681766,zigbang,4455203,13867,trade,매매,275000,0,27.5,False,송파구,신천동,120동,고,59.64,18.04,87.14,87C,26C,,26 더블역세권 상가이용편리 방3개 화장실2개 큰방,1,단독매물,self_ad,False,False,https://www.zigbang.com/home/apt/items/49681766
2026-08-16 02:57:02,16629,파크리오,49519204,zigbang,4455202,13867,trade,매매,278000,0,27.8,False,송파구,신천동,120동,고,59.64,18.04,87.14,87C,26C,,26 추천매물,1,단독매물,self_ad,False,False,https://www.zigbang.com/home/apt/items/49519204
2026-08-16 02:57:02,16629,파크리오,50046351,zigbang,4455185,13867,trade,매매,280000,0,28.0,False,송파구,신천동,120동,저,59.64,18.04,87.14,87C,26C,,"26 확장 l 올수리, 컨디션 좋음, 정원뷰",3,동일호중복,self_ad,False,False,https://www.zigbang.com/home/apt/items/50046351
2026-08-16 02:57:02,16629,파크리오,49023935,zigbang,4455184,13867,trade,매매,280000,0,28.0,False,송파구,신천동,120동,저,59.64,18.04,87.14,87C,26C,,"26 확장 l 올수리, 컨디션 좋음, 정원뷰",1,단독매물,self_ad,False,False,https://www.zigbang.com/home/apt/items/49023935
2026-08-16 02:57:02,16629,파크리오,49416100,zigbang,4455228,13867,trade,매매,280000,0,28.0,False,송파구,신천동,201동,고,59.64,18.04,87.14,87C,26C,,26 역세권 채광굿 확장 입주가능,1,단독매물,self_ad,False,False,https://www.zigbang.com/home/apt/items/49416100
2026-08-16 02:57:02,16629,파크리오,49778674,zigbang,4454523,13865,rental,월세,40000,280,4.0,False,송파구,신천동,201동,중,59.95,18.13,86.85,86A,26A,,26 추천매물 공원뷰 롯타뷰 깔끔한집 ,1,단독매물,self_ad,False,False,https://www.zigbang.com/home/apt/items/49778674
2026-08-16 02:57:02,16629,파크리오,49740567,zigbang,4454530,13865,rental,월세,45000,260,4.5,False,송파구,신천동,201동,중,59.95,18.13,86.85,86A,26A,,26 초역세권 개방감굿 채광굿 잠실초학군 도보3분거리,2,동일호중복,self_ad,False,False,https://www.zigbang.com/home/apt/items/49740567
2026-08-16 02:57:02,16629,파크리오,49996790,zigbang,4454540,13865,rental,월세,50000,240,5.0,False,송파구,신천동,201동,고,59.95,18.13,86.85,86A,26A,,26 초역세권 귀한매물 도배 LED등 정원같은집,1,단독매물,self_ad,False,False,https://www.zigbang.com/home/apt/items/49996790
2026-08-16 02:57:02,16629,파크리오,49871075,zigbang,4454534,13865,rental,월세,50000,240,5.0,False,송파구,신천동,201동,중,59.95,18.13,86.85,86A,26A,,26 초역세권 추천매물 깔끔 수리된집 확장,1,단독매물,self_ad,False,False,https://www.zigbang.com/home/apt/items/49871075
2026-08-16 02:57:02,16629,파크리오,50003518,zigbang,4455249,13867,rental,월세,10000,400,1.0,False,송파구,신천동,202동,고,59.64,18.04,87.14,87C,26C,,26 역세권 교통편리 잠실초학군 도보3분 주거환경굿,1,단독매물,self_ad,True,False,https://www.zigbang.com/home/apt/items/50003518
2026-08-16 02:57:02,16629,파크리오,50004367,zigbang,4454585,13865,rental,월세,55000,220,5.5,False,송파구,신천동,202동,고,59.95,18.13,86.85,86A,26A,,26 저렴 확장 깔끔 방3화2 10월입주협의 문의환영,1,단독매물,self_ad,False,False,https://www.zigbang.com/home/apt/items/50004367
2026-08-16 02:57:02,16629,파크리오,49574779,zigbang,4454636,13865,trade,매매,278000,0,27.8,False,송파구,신천동,203동,중,59.95,18.13,86.85,86A,26A,,26 초역세권 세안고 귀한매물,1,단독매물,self_ad,False,False,https://www.zigbang.com/home/apt/items/49574779
2026-08-16 02:57:02,16629,파크리오,49681232,zigbang,4454653,13865,trade,매매,280000,0,28.0,False,송파구,신천동,203동,고,59.95,18.13,86.85,86A,26A,,26 더블역세권 개방감굿 상기이용편리 잠실초학군,1,단독매물,self_ad,False,False,https://www.zigbang.com/home/apt/items/49681232
2026-08-16 02:57:02,16629,파크리오,49298040,zigbang,4454621,13865,charter,전세,110000,0,11.0,False,송파구,신천동,203동,중,59.95,18.13,86.85,86A,26A,,26 공원인접 나무뷰 역세권 상가이용편리 잠실초학군,1,단독매물,self_ad,False,False,https://www.zigbang.com/home/apt/items/49298040
2026-08-16 02:57:02,16629,파크리오,49217777,zigbang,4454624,13865,charter,전세,110000,0,11.0,True,송파구,신천동,203동,중,59.95,18.13,86.85,86A,26A,,26 역세권 귀한전세 ,2,동일호중복,self_ad,True,False,https://www.zigbang.com/home/apt/items/49217777
2026-08-16 02:57:02,16629,파크리오,49738608,zigbang,4455260,13867,charter,전세,115000,0,11.5,False,송파구,신천동,203동,저,59.64,18.04,87.14,87C,26C,,26p 2호선 잠실나루역 매우 깨긋하고 환한집 급전세,1,단독매물,self_ad,False,False,https://www.zigbang.com/home/apt/items/49738608
2026-08-16 02:57:02,16629,파크리오,49407004,zigbang,4454703,13865,trade,매매,273000,0,27.3,False,송파구,신천동,204동,고,59.95,18.13,86.85,86A,26A,,26 세안고 확장 더블역세권 개방감굿 잠실초학군,1,단독매물,self_ad,False,False,https://www.zigbang.com/home/apt/items/49407004
2026-08-16 02:57:02,16629,파크리오,50041872,zigbang,4454685,13865,trade,매매,275000,0,27.5,False,송파구,신천동,204동,중,59.95,18.13,86.85,86A,26A,,26p파크리오 특급매 올확장 내부 컨디션 최상 금액 적극 ,1,단독매물,self_ad,False,False,https://www.zigbang.com/home/apt/items/50041872
2026-08-16 02:57:02,16629,파크리오,49846590,zigbang,4454668,13865,trade,매매,280000,0,28.0,False,송파구,신천동,204동,저,59.95,18.13,86.85,86A,26A,,26 초역세권 정원뷰 개방감 녹지공간많음,1,단독매물,self_ad,False,False,https://www.zigbang.com/home/apt/items/49846590
2026-08-16 02:57:02,16629,파크리오,49349515,zigbang,4455288,13867,trade,매매,280000,0,28.0,False,송파구,신천동,204동,저,59.64,18.04,87.14,87C,26C,,"2단지중층,올확장 방1개미확장,잠실초,잠래아상가인접편리",1,단독매물,self_ad,False,False,https://www.zigbang.com/home/apt/items/49349515
2026-08-16 02:57:02,16629,파크리오,49806666,zigbang,4454711,13865,trade,매매,290000,0,29.0,False,송파구,신천동,204동,고,59.95,18.13,86.85,86A,26A,,"소유자직접의뢰, 최근수리 풀에어컨, 채광좋고 롯데타워뷰,",1,단독매물,self_ad,True,False,https://www.zigbang.com/home/apt/items/49806666
2026-08-16 02:57:02,16629,파크리오,48657122,zigbang,4453122,13862,trade,매매,360000,0,36.0,False,송파구,신천동,206동,중,121.63,36.79,149.93,149,45,,"45 급매 l 트인뷰, 조건협의, 대형평형, 잠실초",2,동일호중복,self_ad,False,False,https://www.zigbang.com/home/apt/items/48657122
2026-08-16 02:57:02,16629,파크리오,50046077,zigbang,4453184,13862,trade,매매,360000,0,36.0,False,송파구,신천동,207동,중,121.63,36.79,149.93,149,45,,"45 정남향 l 판상형, 조건협의, 트인 조망, 잠실초",2,동일호중복,self_ad,False,False,https://www.zigbang.com/home/apt/items/50046077
2026-08-16 02:57:02,16629,파크리오,49532673,zigbang,4453204,13862,trade,매매,370000,0,37.0,False,송파구,신천동,207동,고,121.63,36.79,149.93,149,45,,특 올수리 정남향,1,단독매물,self_ad,True,False,https://www.zigbang.com/home/apt/items/49532673
2026-08-16 02:57:02,16629,파크리오,49023941,zigbang,4453451,13863,trade,매매,360000,0,36.0,True,송파구,신천동,209동,중,144.77,43.79,174.08,174,53,,"52 올림픽공원뷰 l 확장, 대형평형, 조건협의, 잠실초",2,동일호중복,self_ad,False,False,https://www.zigbang.com/home/apt/items/49023941
2026-08-16 02:57:02,16629,파크리오,49703241,zigbang,4451031,13861,trade,매매,300000,0,30.0,False,송파구,신천동,210동,저,84.9,25.68,109.62,109C,33C,,33 추천매물 초역세권 정원뷰 따듯한집 세안고 갭투가능,1,단독매물,self_ad,False,False,https://www.zigbang.com/home/apt/items/49703241
2026-08-16 02:57:02,16629,파크리오,49052903,zigbang,4448973,13859,trade,매매,300000,0,30.0,False,송파구,신천동,210동,저,84.79,25.65,108.82,108B,33B,,32 역세권 잠실초학군 공원뷰 정원뷰 확장된집,1,단독매물,self_ad,False,False,https://www.zigbang.com/home/apt/items/49052903
2026-08-16 02:57:02,16629,파크리오,50046290,zigbang,4448965,13859,trade,매매,300000,0,30.0,False,송파구,신천동,210동,저,84.79,25.65,108.82,108B,33B,,"32 정원뷰 l 주인의뢰, 잠실초, 판상형, 아이가 행복",1,단독매물,self_ad,False,False,https://www.zigbang.com/home/apt/items/50046290
2026-08-16 02:57:02,16629,파크리오,49295653,zigbang,4450603,13860,trade,매매,300000,0,30.0,False,송파구,신천동,211동,중,84.79,25.65,108.82,108B1,33B1,,32 커뮤인접 보행로 판상형 물의광장 잠실초학군 ,1,단독매물,self_ad,False,False,https://www.zigbang.com/home/apt/items/49295653
2026-08-16 02:57:02,16629,파크리오,49291186,zigbang,4450599,13860,trade,매매,300000,0,30.0,False,송파구,신천동,211동,저,84.79,25.65,108.82,108B1,33B1,,"중앙통로,귀한판상형,로얄층,잠실초,올확장,남동향",1,단독매물,self_ad,False,False,https://www.zigbang.com/home/apt/items/49291186
2026-08-16 02:57:02,16629,파크리오,49583230,zigbang,4450594,13860,trade,매매,310000,0,31.0,False,송파구,신천동,211동,저,84.79,25.65,108.82,108B1,33B1,,32 추천 보행로 입주매매 깔끔 확장,1,단독매물,self_ad,False,False,https://www.zigbang.com/home/apt/items/49583230
2026-08-16 02:57:02,16629,파크리오,49532200,zigbang,4450636,13860,trade,매매,320000,0,32.0,False,송파구,신천동,211동,고,84.79,25.65,108.82,108B1,33B1,,32 화이트특올수리 입주매매 보행로 채광굿 개방감,1,단독매물,self_ad,False,False,https://www.zigbang.com/home/apt/items/49532200
2026-08-16 02:57:02,16629,파크리오,49446866,zigbang,4451094,13861,rental,월세,60000,240,6.0,False,송파구,신천동,211동,저,84.9,25.68,109.62,109C,33C,,33 추천 보행로 역세권 잠실초학군 빠른입주가능,1,단독매물,self_ad,False,False,https://www.zigbang.com/home/apt/items/49446866
2026-08-16 02:57:02,16629,파크리오,49988754,zigbang,4451163,13861,trade,매매,300000,0,30.0,False,송파구,신천동,212동,저,84.9,25.68,109.62,109C,33C,,33 추천매물,1,단독매물,self_ad,False,False,https://www.zigbang.com/home/apt/items/49988754
2026-08-16 02:57:02,16629,파크리오,49035063,zigbang,4449070,13859,trade,매매,300000,0,30.0,False,송파구,신천동,212동,중,84.79,25.65,108.82,108B,33B,,32 추천매물,1,단독매물,self_ad,False,False,https://www.zigbang.com/home/apt/items/49035063
2026-08-16 02:57:02,16629,파크리오,49843333,zigbang,4451218,13861,charter,전세,120000,0,12.0,False,송파구,신천동,212동,고,84.9,25.68,109.62,109C,33C,,33 추천매물 초역세권 확장 롯타뷰 채광굿,1,단독매물,self_ad,False,False,https://www.zigbang.com/home/apt/items/49843333
2026-08-16 02:57:02,16629,파크리오,49849343,zigbang,4451228,13861,charter,전세,125000,0,12.5,False,송파구,신천동,212동,고,84.9,25.68,109.62,109C,33C,,"33평 고층트인뷰,채광굿 l 중앙보행로 l 확장, 내부깔끔",1,단독매물,self_ad,False,False,https://www.zigbang.com/home/apt/items/49849343
2026-08-16 02:57:02,16629,파크리오,49245333,zigbang,4451212,13861,charter,전세,130000,0,13.0,False,송파구,신천동,212동,고,84.9,25.68,109.62,109C,33C,,"33p 거실 확장 넓은거실  방 3, 고층 뷰 좋음 남향",1,단독매물,self_ad,False,False,https://www.zigbang.com/home/apt/items/49245333
2026-08-16 02:57:02,16629,파크리오,50041638,zigbang,4449097,13859,rental,월세,30000,320,3.0,False,송파구,신천동,212동,고,84.79,25.65,108.82,108B,33B,,33p올수리 확장 역세권 2단지 집환하고 좋음,1,단독매물,self_ad,False,False,https://www.zigbang.com/home/apt/items/50041638
2026-08-16 02:57:02,16629,파크리오,50041583,zigbang,4451218,13861,rental,월세,35000,300,3.5,False,송파구,신천동,212동,고,84.9,25.68,109.62,109C,33C,,33P고층 롯데타워 예쁜뷰 잠실나루역근접 로얄동 ,1,단독매물,self_ad,False,False,https://www.zigbang.com/home/apt/items/50041583
2026-08-16 02:57:02,16629,파크리오,49747275,zigbang,4449177,13859,charter,전세,119000,0,11.9,False,송파구,신천동,213동,고,84.79,25.65,108.82,108B,33B,,"입주조율가능, 조용하고 살기좋은동, 잠실나루 5분거리",1,단독매물,self_ad,False,False,https://www.zigbang.com/home/apt/items/49747275
2026-08-16 02:57:02,16629,파크리오,49703168,zigbang,4451232,13861,rental,월세,40000,360,4.0,False,송파구,신천동,213동,저,84.9,25.68,109.62,109C,33C,,33 초역세권 수리된집 아이키우기좋은집 ,1,단독매물,self_ad,False,False,https://www.zigbang.com/home/apt/items/49703168
2026-08-16 02:57:02,16629,파크리오,49582658,zigbang,4450655,13860,charter,전세,130000,0,13.0,False,송파구,신천동,215동,저,84.79,25.65,108.82,108B1,33B1,,32 확장 아이키우기좋은집 수리된집,1,단독매물,self_ad,False,False,https://www.zigbang.com/home/apt/items/49582658
2026-08-16 02:57:02,16629,파크리오,49738612,zigbang,4451384,13861,charter,전세,130000,0,13.0,False,송파구,신천동,215동,저,84.9,25.68,109.62,109C,33C,,32평 트리플 역세권 잠현초 상가이용 지하철 이용 편리,1,단독매물,self_ad,False,False,https://www.zigbang.com/home/apt/items/49738612
2026-08-16 02:57:02,16629,파크리오,50045691,zigbang,4451501,13861,trade,매매,300000,0,30.0,False,송파구,신천동,216동,고,84.9,25.68,109.62,109C,33C,,"33 급매 l 조건협의, 보행통로, 고층조망, 잠현초",2,동일호중복,self_ad,False,False,https://www.zigbang.com/home/apt/items/50045691
2026-08-16 02:57:02,16629,파크리오,49678124,zigbang,4451477,13861,rental,월세,70000,230,7.0,False,송파구,신천동,216동,중,84.9,25.68,109.62,109C,33C,,33 추천 보행로 탁트인뷰 역세권,1,단독매물,self_ad,False,False,https://www.zigbang.com/home/apt/items/49678124
2026-08-16 02:57:02,16629,파크리오,49595437,zigbang,4451473,13861,rental,월세,80000,170,8.0,True,송파구,신천동,216동,중,84.9,25.68,109.62,109C,33C,,"중앙통로 채광, 뷰 모두 좋은집, 보증금 조정가능",2,동일호중복,self_ad,False,False,https://www.zigbang.com/home/apt/items/49595437
2026-08-16 02:57:02,16629,파크리오,49880398,zigbang,4451465,13861,rental,월세,80000,200,8.0,False,송파구,신천동,216동,저,84.9,25.68,109.62,109C,33C,,"32P 2,8,9호선 트리플 역세권 교통편리 잠현초배정 ",1,단독매물,self_ad,False,False,https://www.zigbang.com/home/apt/items/49880398
2026-08-16 02:57:02,16629,파크리오,49694988,zigbang,4449337,13859,trade,매매,294000,0,29.4,False,송파구,신천동,217동,저,84.79,25.65,108.82,108B,33B,,32 역세권 보행로 확장 세안고 ,1,단독매물,self_ad,False,False,https://www.zigbang.com/home/apt/items/49694988
2026-08-16 02:57:02,16629,파크리오,49653064,zigbang,4449341,13859,trade,매매,295000,0,29.5,False,송파구,신천동,217동,저,84.79,25.65,108.82,108B,33B,,32 추천매물 세안고,2,동일호중복,self_ad,False,False,https://www.zigbang.com/home/apt/items/49653064
2026-08-16 02:57:02,16629,파크리오,49790396,zigbang,4449378,13859,charter,전세,130000,0,13.0,False,송파구,신천동,217동,고,84.79,25.65,108.82,108B,33B,,32 추천 중앙보행로 귀한전세 잠현초학군 개방감굿,1,단독매물,self_ad,False,False,https://www.zigbang.com/home/apt/items/49790396
2026-08-16 02:57:02,16629,파크리오,50058640,zigbang,4453512,13863,trade,매매,360000,0,36.0,False,송파구,신천동,218동,중,144.77,43.79,174.08,174,53,,"급매, 남서향전망좋음,올확장,입주협의,로얄층,탁트인전망",1,단독매물,self_ad,False,False,https://www.zigbang.com/home/apt/items/50058640
2026-08-16 02:57:02,16629,파크리오,49128788,zigbang,4453556,13863,trade,매매,345000,0,34.5,False,송파구,신천동,219동,저,144.77,43.79,174.08,174,53,,52 정원뷰 역세권 입주매매,1,단독매물,self_ad,False,False,https://www.zigbang.com/home/apt/items/49128788
2026-08-16 02:57:02,16629,파크리오,49532607,zigbang,4453573,13863,trade,매매,455000,0,45.5,False,송파구,신천동,219동,중,144.77,43.79,174.08,174,53,,올수리.한강뷰.,1,단독매물,self_ad,True,False,https://www.zigbang.com/home/apt/items/49532607
2026-08-16 02:57:02,16629,파크리오,50046122,zigbang,4453591,13863,charter,전세,155000,0,15.5,True,송파구,신천동,219동,고,144.77,43.79,174.08,174,53,,"52 고층전망 l 주인의뢰, 입주협의, 대형평형, 잠현초",2,동일호중복,self_ad,False,False,https://www.zigbang.com/home/apt/items/50046122
2026-08-16 02:57:02,16629,파크리오,50058573,zigbang,4453591,13863,rental,월세,120000,160,12.0,False,송파구,신천동,219동,고,144.77,43.79,174.08,174,53,,"집상태좋음, 입주시 수리조건,탁트인전망,입주협의",1,단독매물,self_ad,False,False,https://www.zigbang.com/home/apt/items/50058573
2026-08-16 02:57:02,16629,파크리오,49784616,zigbang,4453665,13863,trade,매매,380000,0,38.0,False,송파구,신천동,220동,고,144.77,43.79,174.08,174,53,,52 최고로얄동 화이트수리된집 롯타뷰 개방감굿,1,단독매물,self_ad,False,False,https://www.zigbang.com/home/apt/items/49784616
2026-08-16 02:57:02,16629,파크리오,49023964,zigbang,4453628,13863,trade,매매,390000,0,39.0,True,송파구,신천동,220동,13,144.77,43.79,174.08,174,53,,"52 확장 l 특인테리어, 정남향, 대형평형, 입주협의",5,동일호중복,self_ad,True,False,https://www.zigbang.com/home/apt/items/49023964
2026-08-16 02:57:02,16629,파크리오,49738622,zigbang,4453622,13863,charter,전세,150000,0,15.0,False,송파구,신천동,220동,중,144.77,43.79,174.08,174,53,,확장 확트인 집 깨긋하고 환한집 장기거주가능,1,단독매물,self_ad,False,False,https://www.zigbang.com/home/apt/items/49738622
2026-08-16 02:57:02,16629,파크리오,49167654,zigbang,4453244,13862,trade,매매,365000,0,36.5,False,송파구,신천동,222동,중,121.63,36.79,149.93,149,45,,45 역세권 채광굿 중고층 한강뷰,1,단독매물,self_ad,False,False,https://www.zigbang.com/home/apt/items/49167654
2026-08-16 02:57:02,16629,파크리오,48779975,zigbang,4453272,13862,trade,매매,365000,0,36.5,False,송파구,신천동,222동,고,121.63,36.79,149.93,149,45,,45 추천매물,1,단독매물,self_ad,False,False,https://www.zigbang.com/home/apt/items/48779975
2026-08-16 02:57:02,16629,파크리오,46833274,zigbang,4453287,13862,trade,매매,335000,0,33.5,False,송파구,신천동,223동,저,121.63,36.79,149.93,149,45,,45 추천매물,1,단독매물,self_ad,False,False,https://www.zigbang.com/home/apt/items/46833274
2026-08-16 02:57:02,16629,파크리오,49186435,zigbang,4453320,13862,trade,매매,355000,0,35.5,False,송파구,신천동,223동,중,121.63,36.79,149.93,149,45,,45 추천매물,1,단독매물,self_ad,False,False,https://www.zigbang.com/home/apt/items/49186435
2026-08-16 02:57:02,16629,파크리오,49406877,zigbang,4453288,13862,trade,매매,360000,0,36.0,False,송파구,신천동,223동,저,121.63,36.79,149.93,149,45,,"올인테리어함,저층,조용한동,올확장,조정가능",1,단독매물,self_ad,False,False,https://www.zigbang.com/home/apt/items/49406877
2026-08-16 02:57:02,16629,파크리오,49115418,zigbang,4453311,13862,charter,전세,160000,0,16.0,False,송파구,신천동,223동,중,121.63,36.79,149.93,149,45,,"한강전망,공실,로얄층,귀한전세,빠른입주가능,조용한동",1,단독매물,self_ad,False,False,https://www.zigbang.com/home/apt/items/49115418
2026-08-16 02:57:02,16629,파크리오,50058981,zigbang,4449529,13859,trade,매매,305000,0,30.5,False,송파구,신천동,225동,고,84.79,25.65,108.82,108B,33B,,"환상의 한강전망,귀한 판상형구조,올확장,로얄층,급매",1,단독매물,self_ad,False,False,https://www.zigbang.com/home/apt/items/50058981
2026-08-16 02:57:02,16629,파크리오,49738629,zigbang,4449501,13859,rental,월세,70000,220,7.0,False,송파구,신천동,225동,중,84.79,25.65,108.82,108B,33B,,33p 강력추천매물 수리되어깨끗한집 초역세권,1,단독매물,self_ad,False,False,https://www.zigbang.com/home/apt/items/49738629
2026-08-16 02:57:02,16629,파크리오,49855322,zigbang,4451707,13861,rental,월세,80000,200,8.0,False,송파구,신천동,225동,중,84.9,25.68,109.62,109C,33C,,33 추천매물 한강뷰 롯타뷰 뻥뷰 전체도배,1,단독매물,self_ad,False,False,https://www.zigbang.com/home/apt/items/49855322
2026-08-16 02:57:02,16629,파크리오,50032098,zigbang,4449546,13859,trade,매매,295000,0,29.5,False,송파구,신천동,226동,저,84.79,25.65,108.82,108B,33B,,바로게약이 가능함 수변로 산책코스 바로 옆동,1,단독매물,self_ad,True,False,https://www.zigbang.com/home/apt/items/50032098
2026-08-16 02:57:02,16629,파크리오,50045671,zigbang,4449592,13859,trade,매매,300000,0,30.0,False,송파구,신천동,226동,고,84.79,25.65,108.82,108B,33B,,"32 확장 l 한강뷰, 판상형, 조건협의, 잠현초",2,동일호중복,self_ad,False,False,https://www.zigbang.com/home/apt/items/50045671
2026-08-16 02:57:02,16629,파크리오,49348987,zigbang,4449567,13859,trade,매매,305000,0,30.5,False,송파구,신천동,226동,중,84.79,25.65,108.82,108B,33B,,33C. 로얄동. 고층. 남향. 빠른입주가능,1,단독매물,self_ad,False,False,https://www.zigbang.com/home/apt/items/49348987
2026-08-16 02:57:02,16629,파크리오,50032264,zigbang,4449546,13859,charter,전세,120000,0,12.0,False,송파구,신천동,226동,저,84.79,25.65,108.82,108B,33B,,바로계약가능함  ,1,단독매물,self_ad,True,False,https://www.zigbang.com/home/apt/items/50032264
2026-08-16 02:57:02,16629,파크리오,49619557,zigbang,4449611,13859,trade,매매,295000,0,29.5,False,송파구,신천동,227동,중,84.79,25.65,108.82,108B,33B,,32  추천매물 세안고,1,단독매물,self_ad,False,False,https://www.zigbang.com/home/apt/items/49619557
2026-08-16 02:57:02,16629,파크리오,49987922,zigbang,4449606,13859,charter,전세,120000,0,12.0,False,송파구,신천동,227동,저,84.79,25.65,108.82,108B,33B,,"32평 트인뷰,채광굿 l 저렴한 전세가",1,단독매물,self_ad,False,False,https://www.zigbang.com/home/apt/items/49987922
2026-08-16 02:57:02,16629,파크리오,49255929,zigbang,4449608,13859,rental,월세,90000,150,9.0,False,송파구,신천동,227동,저,84.79,25.65,108.82,108B,33B,,32 한강뷰 판상형 채광굿 추천매물,1,단독매물,self_ad,True,False,https://www.zigbang.com/home/apt/items/49255929
2026-08-16 02:57:02,16629,파크리오,48946008,zigbang,4449676,13859,trade,매매,298000,0,29.8,False,송파구,신천동,228동,중,84.79,25.65,108.82,108B,33B,,32 한강뷰 판상형 입주매매,1,단독매물,self_ad,False,False,https://www.zigbang.com/home/apt/items/48946008
2026-08-16 02:57:02,16629,파크리오,48657091,zigbang,4449674,13859,trade,매매,298000,0,29.8,True,송파구,신천동,228동,중,84.79,25.65,108.82,108B,33B,,"32 급매 l 확장, 판상형, 정원뷰, 잠현초",3,동일호중복,self_ad,False,False,https://www.zigbang.com/home/apt/items/48657091
2026-08-16 02:57:02,16629,파크리오,49075008,zigbang,4449700,13859,trade,매매,300000,0,30.0,False,송파구,신천동,228동,중,84.79,25.65,108.82,108B,33B,,"판상형,최저가매매,로얄층,올확장,조정후 최저가물건 ",1,단독매물,self_ad,False,False,https://www.zigbang.com/home/apt/items/49075008
2026-08-16 02:57:02,16629,파크리오,50046313,zigbang,4449730,13859,trade,매매,295000,0,29.5,False,송파구,신천동,229동,저,84.79,25.65,108.82,108B,33B,,"32 세 안고 l 확장, 판상형, 잠현초, 입주협의",2,동일호중복,self_ad,False,False,https://www.zigbang.com/home/apt/items/50046313
2026-08-16 02:57:02,16629,파크리오,49532110,zigbang,4449732,13859,trade,매매,295000,0,29.5,False,송파구,신천동,229동,저,84.79,25.65,108.82,108B,33B,,32 확장 세안고 내년초입주,1,단독매물,self_ad,False,False,https://www.zigbang.com/home/apt/items/49532110
2026-08-16 02:57:02,16629,파크리오,49194279,zigbang,4451929,13861,trade,매매,298000,0,29.8,False,송파구,신천동,229동,저,84.9,25.68,109.62,109C,33C,,33 역세권 잠현초학군 채광굿 개방감좋은집,1,단독매물,self_ad,False,False,https://www.zigbang.com/home/apt/items/49194279
2026-08-16 02:57:02,16629,파크리오,49784457,zigbang,4453807,13863,charter,전세,145000,0,14.5,False,송파구,신천동,302동,저,144.77,43.79,174.08,174,53,,52 올수리 최저가 개방감굿 정남향 햇살예쁜집 빠른입주가능,1,단독매물,self_ad,False,False,https://www.zigbang.com/home/apt/items/49784457
2026-08-16 02:57:02,16629,파크리오,48951800,zigbang,4453846,13863,rental,월세,90000,330,9.0,False,송파구,신천동,302동,고,144.77,43.79,174.08,174,53,,52 추천매물 올화이트수리 시스템에어컨 ,1,단독매물,self_ad,False,False,https://www.zigbang.com/home/apt/items/48951800
2026-08-16 02:57:02,16629,파크리오,48996697,zigbang,4453878,13863,trade,매매,360000,0,36.0,False,송파구,신천동,303동,중,144.77,43.79,174.08,174,53,,"올림픽공원전망,중층,로얄층,올확장,단지내  최고 저렴한물건",1,단독매물,self_ad,False,False,https://www.zigbang.com/home/apt/items/48996697
2026-08-16 02:57:02,16629,파크리오,49738651,zigbang,4453905,13863,trade,매매,370000,0,37.0,False,송파구,신천동,303동,고,144.77,43.79,174.08,174,53,,52p 전면 올팍뷰 고층 다주택자 급매 지하철 이용 편리,1,단독매물,self_ad,False,False,https://www.zigbang.com/home/apt/items/49738651
2026-08-16 02:57:02,16629,파크리오,49291073,zigbang,4449807,13859,trade,매매,300000,0,30.0,False,송파구,신천동,304동,8,84.79,25.65,108.82,108B,33B,,"중앙통로,올확장,안정적인조망권,탁트인전망",1,단독매물,self_ad,False,False,https://www.zigbang.com/home/apt/items/49291073
2026-08-16 02:57:02,16629,파크리오,49013142,zigbang,4449880,13859,trade,매매,310000,0,31.0,False,송파구,신천동,305동,저,84.79,25.65,108.82,108B,33B,,32 보행로 판상형 정원뷰 채광굿 확장 깨끗한집 잠실초학군,1,단독매물,self_ad,True,False,https://www.zigbang.com/home/apt/items/49013142
2026-08-16 02:57:02,16629,파크리오,49193586,zigbang,4450043,13859,trade,매매,295000,0,29.5,False,송파구,신천동,307동,중,84.79,25.65,108.82,108B,33B,,"3단지 올림픽공원전망뷰,일시적 2주택자라 급매조정,올확장",1,단독매물,self_ad,False,False,https://www.zigbang.com/home/apt/items/49193586
2026-08-16 02:57:02,16629,파크리오,49291137,zigbang,4452221,13861,trade,매매,300000,0,30.0,False,송파구,신천동,307동,저,84.9,25.68,109.62,109C,33C,,"중앙통로,올확장,잠실초,초저가급매,남동향,상가이용편리",1,단독매물,self_ad,False,False,https://www.zigbang.com/home/apt/items/49291137
2026-08-16 02:57:02,16629,파크리오,50028726,zigbang,4452240,13861,charter,전세,110000,0,11.0,False,송파구,신천동,307동,중,84.9,25.68,109.62,109C,33C,,33 추천매물 확장 깔끔 15개월계약조건,1,단독매물,self_ad,False,False,https://www.zigbang.com/home/apt/items/50028726
2026-08-16 02:57:02,16629,파크리오,49202608,zigbang,4452275,13861,trade,매매,288000,0,28.8,False,송파구,신천동,308동,저,84.9,25.68,109.62,109C,33C,,33 초급매 세안고 무주택자 갭투가능 정원뷰 채광굿,1,단독매물,self_ad,False,False,https://www.zigbang.com/home/apt/items/49202608
2026-08-16 02:57:02,16629,파크리오,50046039,zigbang,4452277,13861,trade,매매,290000,0,29.0,False,송파구,신천동,308동,저,84.9,25.68,109.62,109C,33C,,"33 초급매 l 세 안고, 정원뷰, 조건협의, 잠실초",2,동일호중복,self_ad,False,False,https://www.zigbang.com/home/apt/items/50046039
2026-08-16 02:57:02,16629,파크리오,49798335,zigbang,4450111,13859,trade,매매,290000,0,29.0,False,송파구,신천동,308동,중,84.79,25.65,108.82,108B,33B,,32 추천매물 확장 ,1,단독매물,self_ad,False,False,https://www.zigbang.com/home/apt/items/49798335
2026-08-16 02:57:02,16629,파크리오,49332148,zigbang,4450133,13859,trade,매매,300000,0,30.0,False,송파구,신천동,308동,고,84.79,25.65,108.82,108B,33B,,"판상형,한강전망뷰,올확장,잠실초,로얄층,상가인접",1,단독매물,self_ad,False,False,https://www.zigbang.com/home/apt/items/49332148
2026-08-16 02:57:02,16629,파크리오,49053087,zigbang,4450132,13859,trade,매매,300000,0,30.0,False,송파구,신천동,308동,고,84.79,25.65,108.82,108B,33B,,32 추천매물,1,단독매물,self_ad,False,False,https://www.zigbang.com/home/apt/items/49053087
2026-08-16 02:57:02,16629,파크리오,49404157,zigbang,4452286,13861,rental,월세,10000,420,1.0,False,송파구,신천동,308동,저,84.9,25.68,109.62,109C,33C,,33 추천매물 중문있음 따듯하고 채광좋은 집,1,단독매물,self_ad,True,False,https://www.zigbang.com/home/apt/items/49404157
2026-08-16 02:57:02,16629,파크리오,49855419,zigbang,4452325,13861,rental,월세,90000,160,9.0,False,송파구,신천동,308동,고,84.9,25.68,109.62,109C,33C,,33 채광굿 개방감굿 수리예정 입주협의,1,단독매물,self_ad,False,False,https://www.zigbang.com/home/apt/items/49855419
2026-08-16 02:57:02,16629,파크리오,49678392,zigbang,4452334,13861,rental,월세,90000,150,9.0,False,송파구,신천동,308동,고,84.9,25.68,109.62,109C,33C,,33 추천 수리예정 깔끔 장기거주가능 ,1,단독매물,self_ad,False,False,https://www.zigbang.com/home/apt/items/49678392
2026-08-16 02:57:02,16629,파크리오,50046142,zigbang,4452364,13861,charter,전세,130000,0,13.0,False,송파구,신천동,309동,저,84.9,25.68,109.62,109C,33C,,"33 확장 l 귀한전세, 여유로운 입주, 잠실초",3,동일호중복,self_ad,False,False,https://www.zigbang.com/home/apt/items/50046142
2026-08-16 02:57:02,16629,파크리오,49999348,zigbang,4452374,13861,rental,월세,40000,320,4.0,False,송파구,신천동,309동,중,84.9,25.68,109.62,109C,33C,,33p 특올수리 확장 채광 전망좋은집 예쁜 인테리어,1,단독매물,self_ad,False,False,https://www.zigbang.com/home/apt/items/49999348
2026-08-16 02:57:02,16629,파크리오,50046163,zigbang,4452400,13861,rental,월세,50000,320,5.0,False,송파구,신천동,309동,고,84.9,25.68,109.62,109C,33C,,"33 확장 l 컨디션좋음, 채광굿, 트인조망, 입주협의",1,단독매물,self_ad,False,False,https://www.zigbang.com/home/apt/items/50046163
2026-08-16 02:57:02,16629,파크리오,49331656,zigbang,4450242,13859,trade,매매,300000,0,30.0,False,송파구,신천동,310동,중,84.79,25.65,108.82,108B,33B,,"귀한판상형,올확장,중층,조용한동",1,단독매물,self_ad,False,False,https://www.zigbang.com/home/apt/items/49331656
2026-08-16 02:57:02,16629,파크리오,49627208,zigbang,4452467,13861,rental,월세,80000,160,8.0,False,송파구,신천동,310동,고,84.9,25.68,109.62,109C,33C,,33 추천 확장 잠실초학군 개방감굿,1,단독매물,self_ad,False,False,https://www.zigbang.com/home/apt/items/49627208
2026-08-16 02:57:02,16629,파크리오,50046217,zigbang,4452471,13861,rental,월세,80000,180,8.0,False,송파구,신천동,310동,고,84.9,25.68,109.62,109C,33C,,"33 올확장 l 입주협의, 잠실초, 트인 조망",1,단독매물,self_ad,False,False,https://www.zigbang.com/home/apt/items/50046217
2026-08-16 02:57:02,16629,파크리오,49680364,zigbang,4452507,13861,trade,매매,300000,0,30.0,False,송파구,신천동,311동,중,84.9,25.68,109.62,109C,33C,,32 추천매물 인테리어 수리된집 입주가능 판상형,1,단독매물,self_ad,False,False,https://www.zigbang.com/home/apt/items/49680364
2026-08-16 02:57:02,16629,파크리오,49738650,zigbang,4452500,13861,trade,매매,310000,0,31.0,False,송파구,신천동,311동,중,84.9,25.68,109.62,109C,33C,,33p급매 특올수리 채광좋고 밝은집 강력추천,1,단독매물,self_ad,False,False,https://www.zigbang.com/home/apt/items/49738650
2026-08-16 02:57:02,16629,파크리오,49809597,zigbang,4452568,13861,charter,전세,135000,0,13.5,False,송파구,신천동,312동,중,84.9,25.68,109.62,109C,33C,,33 추천매물 최근올수리 인테리어 날짜협의 월세가능,1,단독매물,self_ad,False,False,https://www.zigbang.com/home/apt/items/49809597
2026-08-16 02:57:02,16629,파크리오,48290174,zigbang,4450400,13859,trade,매매,300000,0,30.0,False,송파구,신천동,313동,저,84.79,25.65,108.82,108B,33B,,"중과세물건,전세안고가능,27년12월만기,올확장,",1,단독매물,self_ad,False,False,https://www.zigbang.com/home/apt/items/48290174
2026-08-16 02:57:02,16629,파크리오,49819448,zigbang,4450443,13859,charter,전세,140000,0,14.0,False,송파구,신천동,313동,고,84.79,25.65,108.82,108B,33B,,32 추천매물 환상의 올공뷰 개방감굿 뻥뻥뷰,1,단독매물,self_ad,False,False,https://www.zigbang.com/home/apt/items/49819448
2026-08-16 02:57:02,16629,파크리오,49013190,zigbang,4450502,13859,trade,매매,295000,0,29.5,True,송파구,신천동,314동,고,84.79,25.65,108.82,108B,33B,,32 추천 화이트올수리 시스템에어컨5대 입주가능 잠실초학군,2,동일호중복,self_ad,False,False,https://www.zigbang.com/home/apt/items/49013190
2026-08-16 02:57:02,16629,파크리오,48290640,zigbang,4452683,13861,trade,매매,300000,0,30.0,False,송파구,신천동,314동,중,84.9,25.68,109.62,109C,33C,,"기본형,세안고보증금오억,올림픽공원전망,상가이용편리,잠실초",1,단독매물,self_ad,False,False,https://www.zigbang.com/home/apt/items/48290640
2026-08-16 02:57:02,16629,파크리오,49791816,zigbang,4450498,13859,rental,월세,40000,340,4.0,False,송파구,신천동,314동,고,84.79,25.65,108.82,108B,33B,,32 추천 확장 장기거주가능 뻥뷰 개방감굿,1,단독매물,self_ad,False,False,https://www.zigbang.com/home/apt/items/49791816
2026-08-16 02:57:02,16629,파크리오,49681205,zigbang,4454756,13865,trade,매매,274000,0,27.4,False,송파구,신천동,315동,고,59.95,18.13,86.85,86A,26A,,26 초급매 입주가능 방3화2 문의환영,1,단독매물,self_ad,False,False,https://www.zigbang.com/home/apt/items/49681205
2026-08-16 02:57:02,16629,파크리오,50049918,zigbang,4454757,13865,trade,매매,275000,0,27.5,False,송파구,신천동,315동,고,59.95,18.13,86.85,86A,26A,,"26 확장 l 고층조망, 조건협의, 팤세권, 잠실초",2,동일호중복,self_ad,False,False,https://www.zigbang.com/home/apt/items/50049918
2026-08-16 02:57:02,16629,파크리오,49681261,zigbang,4455044,13866,trade,매매,278000,0,27.8,False,송파구,신천동,315동,고,59.86,18.11,86.74,86B,26B,,26 화이트올수리 올공뷰 역세권 개방감굿 입주가능,1,단독매물,self_ad,False,False,https://www.zigbang.com/home/apt/items/49681261
2026-08-16 02:57:02,16629,파크리오,49531490,zigbang,4455050,13866,trade,매매,285000,0,28.5,False,송파구,신천동,315동,고,59.86,18.11,86.74,86B,26B,,26 평  귀한 소형 평수 올수리 화이트 올림픽 공원뷰,1,단독매물,self_ad,False,False,https://www.zigbang.com/home/apt/items/49531490
2026-08-16 02:57:02,16629,파크리오,49228808,zigbang,4454807,13865,trade,매매,270000,0,27.0,False,송파구,신천동,316동,고,59.95,18.13,86.85,86A,26A,,26 추천매물,1,단독매물,self_ad,False,False,https://www.zigbang.com/home/apt/items/49228808
2026-08-16 02:57:02,16629,파크리오,50046190,zigbang,4455106,13866,trade,매매,275000,0,27.5,False,송파구,신천동,316동,고,59.86,18.11,86.74,86B,26B,,"26 급매 l 세안고, 트인 조망, 조건협의, 잠실초",2,동일호중복,self_ad,False,False,https://www.zigbang.com/home/apt/items/50046190
2026-08-16 02:57:02,16629,파크리오,49055610,zigbang,4455104,13866,trade,매매,275000,0,27.5,False,송파구,신천동,316동,고,59.86,18.11,86.74,86B,26B,,26 세안고 올공뷰 로얄동호수 확장된집,1,단독매물,self_ad,False,False,https://www.zigbang.com/home/apt/items/49055610
2026-08-16 02:57:02,16629,파크리오,49789612,zigbang,4454820,13865,rental,월세,90000,90,9.0,False,송파구,신천동,317동,저,59.95,18.13,86.85,86A,26A,,26 특올수리 시스템에어컨3 채광굿 밝은집,1,단독매물,self_ad,False,False,https://www.zigbang.com/home/apt/items/49789612
2026-08-16 02:57:02,1318,한신코아,49377680,zigbang,7839379,3582,trade,매매,160000,0,16.0,False,송파구,신천동,1동,저,41.99,12.7,59.5,59,18,,석촌호수 한강공원 올림픽공원 근거리 위치 트리플 역세권,1,단독매물,self_ad,False,False,https://www.zigbang.com/home/apt/items/49377680
2026-08-16 02:57:02,5041,현대타워,49536780,zigbang,6722654,176127,charter,전세,110000,0,11.0,False,송파구,신천동,1동,18,106.65,32.26,138,138,42,,"41 남향 잠실역2,8호선초역세권 초중학세권 생활인프라최상",2,동일호중복,self_ad,False,False,https://www.zigbang.com/home/apt/items/49536780
2026-08-16 02:57:02,195,대림,49577165,zigbang,333579,494,trade,매매,220000,0,22.0,False,송파구,오금동,1동,저,84.91,25.69,103.64,103,31,,"재건축진행중, 방이역3분거리, 우수학군학원가, 입주조율가능",1,단독매물,self_ad,False,False,https://www.zigbang.com/home/apt/items/49577165
2026-08-16 02:57:02,195,대림,50060194,zigbang,333665,494,trade,매매,233000,0,23.3,False,송파구,오금동,1동,2,84.91,25.69,103.64,103,31,,"확장올수리, 집좋아요, 입주협의, 정비구역지정전단계",1,단독매물,self_ad,False,False,https://www.zigbang.com/home/apt/items/50060194
2026-08-16 02:57:02,195,대림,50060202,zigbang,333673,494,trade,매매,237000,0,23.7,False,송파구,오금동,1동,15,84.91,25.69,103.64,103,31,,"올수리, 입주가능, 올공맞은편, 트인전망, 정비구역지정단계",1,단독매물,self_ad,False,False,https://www.zigbang.com/home/apt/items/50060202
2026-08-16 02:57:02,195,대림,50060209,zigbang,333622,494,trade,매매,240000,0,24.0,False,송파구,오금동,2동,고,84.91,25.69,103.64,103,31,,"비확장 옛수리, 재건축추진중, 입지최고 ",1,단독매물,self_ad,False,False,https://www.zigbang.com/home/apt/items/50060209
2026-08-16 02:57:02,195,대림,50060213,zigbang,333624,494,trade,매매,245000,0,24.5,False,송파구,오금동,2동,14,84.91,25.69,103.64,103,31,,"확장특올수리, 주인거주, 신통자문및구역지정단계, 3호선연장",1,단독매물,self_ad,False,False,https://www.zigbang.com/home/apt/items/50060213
2026-08-16 02:57:02,195,대림,50060218,zigbang,333141,495,trade,매매,260000,0,26.0,False,송파구,오금동,3동,3,125.79,38.05,145.62,145,44,,"확장 옛올수리, 주인거주, 신통자문신청, 3호선연장수혜",1,단독매물,self_ad,False,False,https://www.zigbang.com/home/apt/items/50060218
2026-08-16 02:57:02,195,대림,50060214,zigbang,333055,495,trade,매매,254000,0,25.4,False,송파구,오금동,5동,1,125.79,38.05,145.62,145,44,,"확장특올수리, 주인거주, 아주깔끔, 재건축추진중",1,단독매물,self_ad,False,False,https://www.zigbang.com/home/apt/items/50060214
2026-08-16 02:57:02,195,대림,49574119,zigbang,333486,494,trade,매매,229000,0,22.9,False,송파구,오금동,7동,2,84.91,25.69,103.64,103,31,,재건축실거주 추천 l 올수리 l 교육환경좋음 l 방이역5분,3,동일호중복,self_ad,True,False,https://www.zigbang.com/home/apt/items/49574119
2026-08-16 02:57:02,195,대림,50060205,zigbang,333406,494,trade,매매,238000,0,23.8,False,송파구,오금동,7동,9,84.91,25.69,103.64,103,31,,"확장 올수리, 주인거주중, 재건축추진중, 입지최고",1,단독매물,self_ad,False,False,https://www.zigbang.com/home/apt/items/50060205
2026-08-16 02:57:02,195,대림,50060212,zigbang,333415,494,trade,매매,240000,0,24.0,False,송파구,오금동,7동,5,84.91,25.69,103.64,103,31,,거실확장 옛수리 깨끗 방이역5분 주거환경최상,1,단독매물,self_ad,False,False,https://www.zigbang.com/home/apt/items/50060212
2026-08-16 02:57:02,195,대림,50060216,zigbang,333359,495,trade,매매,255000,0,25.5,False,송파구,오금동,8동,8,125.79,38.05,145.62,145,44,,"무주택only, 세7억안고, 옛올수리,지분18.6, 로얄층",1,단독매물,self_ad,False,False,https://www.zigbang.com/home/apt/items/50060216
2026-08-16 02:57:02,10446,르네상스빌,50060473,zigbang,8727994,167336,trade,매매,180000,0,18.0,False,송파구,오금동,1동,8,170.37,51.54,202.04,202,61,,"강력추천, 주인거주, 오금역초역세권 주차4대, 입지최고",1,단독매물,self_ad,True,False,https://www.zigbang.com/home/apt/items/50060473
2026-08-16 02:57:02,10446,르네상스빌,50060479,zigbang,8728026,167339,trade,매매,210000,0,21.0,False,송파구,오금동,1동,13,204.11,61.74,242.04,242,73,,"올수리, 주인거주중, 주차4대가능, 오금역초역세권",1,단독매물,self_ad,False,False,https://www.zigbang.com/home/apt/items/50060479
2026-08-16 02:57:02,10446,르네상스빌,50060476,zigbang,8728025,167339,trade,매매,210000,0,21.0,False,송파구,오금동,1동,고,204.11,61.74,242.04,242,73,,"사정상 초급매, 조정가, 주인거주, 입지굿,주차4대",1,단독매물,self_ad,True,False,https://www.zigbang.com/home/apt/items/50060476
2026-08-16 02:57:02,88565,송파더플래티넘,50057057,zigbang,17608613,413577,trade,매매,160000,0,16.0,False,송파구,오금동,101동,중,65.33,19.76,89.55,89,27,,"협의입주,구조좋은집,일조권,조망좋은집.역세권,시스템에어컨2",1,단독매물,self_ad,True,False,https://www.zigbang.com/home/apt/items/50057057
2026-08-16 02:57:02,88565,송파더플래티넘,222045,coalition,17608818,413595,trade,매매,138000,0,13.8,False,송파구,오금동,102동,14,52.6,15.91,70.48,70A,21A,,"성내천뷰, 5월 후 입주 협의가능, 방2화1, 시스템에어컨",2,동일호중복,partner,True,False,https://www.zigbang.com/home/apt/items/222045
2026-08-16 02:57:02,88565,송파더플래티넘,256644,coalition,17608889,413599,trade,매매,147000,0,14.7,False,송파구,오금동,102동,10,66.94,20.25,89.59,89C,27C,,계약금 및 중도금 포함 5.6억을 10월 14일 납부조건,5,동일호중복,partner,True,False,https://www.zigbang.com/home/apt/items/256644
2026-08-16 02:57:02,88565,송파더플래티넘,243950,coalition,17608877,413599,trade,매매,170000,0,17.0,False,송파구,오금동,102동,13,66.94,20.25,89.59,89C,27C,,3Bay판상형/정남향/신축/방3&화2/고층/로얄층/풀옵션,2,동일호중복,partner,True,False,https://www.zigbang.com/home/apt/items/243950
2026-08-16 02:57:02,88565,송파더플래티넘,240308,coalition,17608795,413591,trade,매매,180000,0,18.0,False,송파구,오금동,102동,6,89.07,26.94,115.11,115B,35B,,성내천뷰를 확보한 개롱역과 오금역 연결이 가능한 34평,3,동일호중복,partner,True,False,https://www.zigbang.com/home/apt/items/240308
2026-08-16 02:57:02,37896,송파두산위브,50060332,zigbang,8116937,157884,trade,매매,150000,0,15.0,False,송파구,오금동,101동,7,59.9823,18.14,81.3192,81,25,,"27년4월입주, 상태최상, 트인전망, 조정가능, 맞통풍판상",1,단독매물,self_ad,True,False,https://www.zigbang.com/home/apt/items/50060332
2026-08-16 02:57:02,37896,송파두산위브,50060324,zigbang,8116917,157884,trade,매매,150000,0,15.0,False,송파구,오금동,101동,중,59.9823,18.14,81.3192,81,25,,"탁트인 전망, 주인거주, 맞통풍구조, 성내천옆, 입주협의",1,단독매물,self_ad,True,False,https://www.zigbang.com/home/apt/items/50060324
2026-08-16 02:57:02,37896,송파두산위브,50060328,zigbang,8116993,157884,trade,매매,150000,0,15.0,False,송파구,오금동,102동,10,59.9823,18.14,81.3192,81,25,,"잘풀리는집, 조용한라인, 12월안협의,최근도배, 주인소통",1,단독매물,self_ad,True,False,https://www.zigbang.com/home/apt/items/50060328
2026-08-16 02:57:02,37896,송파두산위브,50060336,zigbang,8117041,157884,trade,매매,155000,0,15.5,False,송파구,오금동,102동,8,59.9823,18.14,81.3192,81,25,,"탁트인 전망, 성내천산책, 로얄층, 조용해요, 주인소통",1,단독매물,self_ad,True,False,https://www.zigbang.com/home/apt/items/50060336
2026-08-16 02:57:02,37896,송파두산위브,49538015,zigbang,8117096,157885,trade,매매,155000,0,15.5,False,송파구,오금동,102동,중,84.9703,25.7,113.1596,113,34,,"33, 급매, 성내천 인접동, 가성비 최상",1,단독매물,self_ad,False,False,https://www.zigbang.com/home/apt/items/49538015
2026-08-16 02:57:02,37896,송파두산위브,49432585,zigbang,8117092,157885,trade,매매,180000,0,18.0,False,송파구,오금동,102동,저,84.9703,25.7,113.1596,113,34,,성내천 뷰에 화이트 리모델링 4 bay 4룸 34평아파트,1,단독매물,self_ad,False,False,https://www.zigbang.com/home/apt/items/49432585
2026-08-16 02:57:02,37896,송파두산위브,101803,coalition,8117098,157885,trade,매매,180000,0,18.0,False,송파구,오금동,102동,11,84.9703,25.7,113.1596,113,34,,로얄층으로 모두가 만족하는 집,1,단독매물,partner,True,False,https://www.zigbang.com/home/apt/items/101803
2026-08-16 02:57:02,37896,송파두산위브,50042795,zigbang,8117141,157885,trade,매매,185000,0,18.5,False,송파구,오금동,102동,고,84.9703,25.7,113.1596,113,34,,성내천뷰 풀에어컨 방4 2027년3월 입주협의,1,단독매물,self_ad,True,False,https://www.zigbang.com/home/apt/items/50042795
2026-08-16 02:57:02,37896,송파두산위브,50060321,zigbang,8117116,157885,rental,월세,73000,70,7.3,False,송파구,오금동,102동,1,84.9703,25.7,113.1596,113,34,,"에어컨2대. 방4, 오래거주가능, 아이키우기좋은집",1,단독매물,self_ad,True,False,https://www.zigbang.com/home/apt/items/50060321
2026-08-16 02:57:02,38129,송파레미니스1단지,50001291,zigbang,5071102,159139,trade,매매,190000,0,19.0,False,송파구,오금동,101동,저,84.94,25.69,123.01,123C,37C,,"급매, 입주및 조율가능, 집상태 깨끗",1,단독매물,self_ad,False,False,https://www.zigbang.com/home/apt/items/50001291
2026-08-16 02:57:02,38129,송파레미니스1단지,49352754,zigbang,5071122,159139,trade,매매,190000,0,19.0,False,송파구,오금동,101동,10,84.94,25.69,123.01,123C,37C,,주인직접O 성내천 바로앞 앞뒤트인뷰 판상형,5,동일호중복,self_ad,True,False,https://www.zigbang.com/home/apt/items/49352754
2026-08-16 02:57:02,38129,송파레미니스1단지,50060381,zigbang,5071150,159139,charter,전세,90000,0,9.0,False,송파구,오금동,101동,고,84.94,25.69,123.01,123C,37C,,"탁트인 전망, 오래거주가능, 지하주차편리, 융무",1,단독매물,self_ad,False,False,https://www.zigbang.com/home/apt/items/50060381
2026-08-16 02:57:02,38129,송파레미니스1단지,49531818,zigbang,5071092,159138,charter,전세,90000,0,9.0,False,송파구,오금동,101동,저,84.82,25.66,124.13,124B,38B,,주인직접O 성내천옆 정원뷰 입주일 두 달이상 협의,1,단독매물,self_ad,True,False,https://www.zigbang.com/home/apt/items/49531818
2026-08-16 02:57:02,38129,송파레미니스1단지,50060375,zigbang,5071150,159139,rental,월세,50000,160,5.0,False,송파구,오금동,101동,고,84.94,25.69,123.01,123C,37C,,"탁트인 전망, 오래 거주 가능, 지하주차편리, 세륜중오금초",1,단독매물,self_ad,False,False,https://www.zigbang.com/home/apt/items/50060375
2026-08-16 02:57:02,38129,송파레미니스1단지,49347435,zigbang,5071208,159140,trade,매매,195000,0,19.5,False,송파구,오금동,102동,중,84.94,25.69,123.01,123CN,37CN,,주인직접O 판상형 채광좋고 앞뒤 뷰 트임,2,동일호중복,self_ad,True,False,https://www.zigbang.com/home/apt/items/49347435
2026-08-16 02:57:02,38129,송파레미니스1단지,49352741,zigbang,5071221,159138,trade,매매,210000,0,21.0,False,송파구,오금동,102동,고,84.82,25.66,124.13,124B,38B,,오금공원뷰 채광좋고 트인뷰,1,단독매물,self_ad,True,False,https://www.zigbang.com/home/apt/items/49352741
2026-08-16 02:57:02,38129,송파레미니스1단지,49347450,zigbang,5071313,159131,trade,매매,170000,0,17.0,False,송파구,오금동,103동,15,59.85,18.1,88.33,88A,27A,,주인직접O 성내천뷰 좋음 주인거주 방3화2 ,2,동일호중복,self_ad,True,False,https://www.zigbang.com/home/apt/items/49347450
2026-08-16 02:57:02,38129,송파레미니스1단지,49352772,zigbang,5071249,159137,trade,매매,230000,0,23.0,False,송파구,오금동,103동,저,84.99,25.71,123.87,123A,37A,,주인직접의뢰 정원뷰 성내천 산책좋아요 주인거주 입주협의,1,단독매물,self_ad,True,False,https://www.zigbang.com/home/apt/items/49352772
2026-08-16 02:57:02,38245,송파레미니스2단지,49555710,zigbang,13215478,159924,trade,매매,186000,0,18.6,False,송파구,오금동,202동,고,84.94,25.69,123,123CN,37CN,,주인O 뷰트임 판상형 비확장 빠른입주가능,1,단독매물,self_ad,True,False,https://www.zigbang.com/home/apt/items/49555710
2026-08-16 02:57:02,38245,송파레미니스2단지,50060424,zigbang,13215452,159922,trade,매매,200000,0,20.0,False,송파구,오금동,202동,고,84.82,25.66,124.12,124B,38B,,"주인세대 깔끔관리, 시원한 판상형 RR, 입주협의 ",1,단독매물,self_ad,True,False,https://www.zigbang.com/home/apt/items/50060424
2026-08-16 02:57:02,38245,송파레미니스2단지,49347456,zigbang,13215447,159924,trade,매매,200000,0,20.0,False,송파구,오금동,202동,중,84.94,25.69,123,123CN,37CN,,주인직접O 성내천옆 쾌적하고 주차편리 3호선 연장예정,1,단독매물,self_ad,True,False,https://www.zigbang.com/home/apt/items/49347456
2026-08-16 02:57:02,38245,송파레미니스2단지,50060413,zigbang,13215447,159924,charter,전세,95000,0,9.5,False,송파구,오금동,202동,중,84.94,25.69,123,123CN,37CN,,"탁트인 전망, 햇살좋은집 입주협의, 지하주차, 성내천산책길",1,단독매물,self_ad,False,False,https://www.zigbang.com/home/apt/items/50060413
2026-08-16 02:57:02,38245,송파레미니스2단지,49347426,zigbang,13215556,159922,trade,매매,190000,0,19.0,False,송파구,오금동,203동,고,84.82,25.66,124.12,124B,38B,,주인거주O 시스템에어컨4 채광 및 뷰좋음,1,단독매물,self_ad,True,False,https://www.zigbang.com/home/apt/items/49347426
2026-08-16 02:57:02,38245,송파레미니스2단지,50060419,zigbang,13215565,159923,trade,매매,200000,0,20.0,False,송파구,오금동,203동,고,84.94,25.69,123,123C,37C,,"탁트인전망, 맞통풍구조, 성내천바로옆, 지하주차, 주인거주",1,단독매물,self_ad,True,False,https://www.zigbang.com/home/apt/items/50060419
2026-08-16 02:57:02,38245,송파레미니스2단지,49774055,zigbang,13215557,159922,rental,월세,15000,320,1.5,False,송파구,오금동,203동,고,84.82,25.66,124.12,124B,38B,,융무 트인뷰 깨끗 빠른입주가능,1,단독매물,self_ad,True,False,https://www.zigbang.com/home/apt/items/49774055
2026-08-16 02:57:02,38245,송파레미니스2단지,50060415,zigbang,13215843,159921,trade,매매,195000,0,19.5,False,송파구,오금동,206동,중,84.99,25.71,123.85,123A,37A,,"주인거주, 성내천 뻥뷰, 지하주차, 깔끔관리",1,단독매물,self_ad,True,False,https://www.zigbang.com/home/apt/items/50060415
2026-08-16 02:57:02,37353,송파호반베르디움더퍼스트,49350253,zigbang,5640863,154465,charter,전세,105000,0,10.5,False,송파구,오금동,101동,11,101.4632,30.69,130.0353,130,39,,주인직접O 방3 시스템에어컨 입주8월중순쯤 잔금시 융무,2,동일호중복,self_ad,True,False,https://www.zigbang.com/home/apt/items/49350253
2026-08-16 02:57:02,37353,송파호반베르디움더퍼스트,253924,coalition,5640780,154465,trade,매매,180000,0,18.0,False,송파구,오금동,103동,9,101.4632,30.69,130.0353,130,39,,"3호선연장 확정,탁트인 뷰,초품아,넓은 39평,세입자거주중",2,동일호중복,partner,True,False,https://www.zigbang.com/home/apt/items/253924
2026-08-16 02:57:02,11172,오금쌍용스윗닷홈1차,50060431,zigbang,2435991,43825,trade,매매,180000,0,18.0,False,송파구,오금동,101동,5,84.94,25.69,107.17,107,32,,"비확장, 입주협의, 초중고바로앞,가장좋은라인,뻥뷰,주차굿",1,단독매물,self_ad,False,False,https://www.zigbang.com/home/apt/items/50060431
2026-08-16 02:57:02,11172,오금쌍용스윗닷홈1차,50060428,zigbang,2435968,43825,trade,매매,180000,0,18.0,False,송파구,오금동,102동,10,84.94,25.69,107.17,107,32,,"주인거주, 남향, 광폭발코니, 지하주차, 초중학교바로옆",1,단독매물,self_ad,False,False,https://www.zigbang.com/home/apt/items/50060428
2026-08-16 02:57:02,3875,오금우방,255333,coalition,1225559,31002,trade,매매,240000,0,24.0,False,송파구,오금동,101동,1,84.95,25.7,107.14,107,32,,어려운 44평수 편리한 주차 바로앞 성내천  체육시설 ,1,단독매물,partner,True,False,https://www.zigbang.com/home/apt/items/255333
2026-08-16 02:57:02,18348,올림픽파크센트레빌,50060439,zigbang,7857585,94584,trade,매매,175000,0,17.5,False,송파구,오금동,102동,7,84.37,25.52,110.68,110B,33B,,"12월입주협의, 세안고or입주ok, 시스템에어컨교체됨",1,단독매물,self_ad,False,False,https://www.zigbang.com/home/apt/items/50060439
2026-08-16 02:57:02,18348,올림픽파크센트레빌,50060446,zigbang,7857627,94585,trade,매매,185000,0,18.5,False,송파구,오금동,102동,고,84.68,25.62,110.86,110C,33C,,"특올수리, 입주협의, 지하주차, 탁트인남향전망, 입지최고",1,단독매물,self_ad,False,False,https://www.zigbang.com/home/apt/items/50060446
2026-08-16 02:57:02,1419,현대,50060120,zigbang,157037,3860,rental,월세,30000,200,3.0,False,송파구,오금동,22동,4,84.98,25.71,102.27,102,31,,"확장옛수리, 10월말협의, 오래거주가능, 오금역5분",1,단독매물,self_ad,False,False,https://www.zigbang.com/home/apt/items/50060120
2026-08-16 02:57:02,1419,현대,50060131,zigbang,157189,3860,trade,매매,280000,0,28.0,False,송파구,오금동,23동,고,84.98,25.71,102.27,102,31,,"주인소통, 확장올수리, 입주협의, 연내시공사선정예정",1,단독매물,self_ad,True,False,https://www.zigbang.com/home/apt/items/50060131
2026-08-16 02:57:02,1419,현대,50060127,zigbang,157277,3860,trade,매매,279000,0,27.9,False,송파구,오금동,24동,9,84.98,25.71,102.27,102,31,,"옛올수리, 주인거주, 트인전망, 지위승계가능, 연내시공사",1,단독매물,self_ad,False,False,https://www.zigbang.com/home/apt/items/50060127
2026-08-16 02:57:02,1419,현대,50060133,zigbang,157237,3860,trade,매매,280000,0,28.0,False,송파구,오금동,24동,고,84.98,25.71,102.27,102,31,,"올확장올수리, 확 트인 전망, 로얄동로얄층, 승계가능 ",1,단독매물,self_ad,False,False,https://www.zigbang.com/home/apt/items/50060133
2026-08-16 02:57:02,1419,현대,50060172,zigbang,156976,3863,trade,매매,340000,0,34.0,False,송파구,오금동,26동,저,170.32,51.52,193.73,193,58,,"주인거주, 해잘들어요,옛수리, 조합설립인가완료,지분30.9",1,단독매물,self_ad,False,False,https://www.zigbang.com/home/apt/items/50060172
2026-08-16 02:57:02,1419,현대,50060140,zigbang,156427,3861,trade,매매,295000,0,29.5,False,송파구,오금동,27동,9,130.93,39.61,152.51,152,46,,"확장올수리, 집좋아요, 주인거주, 연내시공사선정",1,단독매물,self_ad,False,False,https://www.zigbang.com/home/apt/items/50060140
2026-08-16 02:57:02,1419,현대,50060160,zigbang,156434,3861,trade,매매,300000,0,30.0,False,송파구,오금동,27동,8,130.93,39.61,152.51,152,46,,"로얄동 로얄층, 해잘드는남서향, 조합설립인가 확정",1,단독매물,self_ad,True,False,https://www.zigbang.com/home/apt/items/50060160
2026-08-16 02:57:02,1419,현대,50060171,zigbang,156838,3863,trade,매매,340000,0,34.0,False,송파구,오금동,28동,10,170.32,51.52,193.73,193,58,,"상속급매 강추, 탁트인전망, 시공사선정단계, 확장올수리",1,단독매물,self_ad,False,False,https://www.zigbang.com/home/apt/items/50060171
2026-08-16 02:57:02,1419,현대,50060179,zigbang,156809,3863,trade,매매,350000,0,35.0,False,송파구,오금동,28동,3,170.32,51.52,193.73,193,58,,"올수리, 1월21일자로 조합설립인가 확정, 지분30.9",1,단독매물,self_ad,False,False,https://www.zigbang.com/home/apt/items/50060179
2026-08-16 02:57:02,1419,현대,50060175,zigbang,156807,3863,trade,매매,350000,0,35.0,False,송파구,오금동,28동,4,170.32,51.52,193.73,193,58,,"확장올수리, 2년전부분수리더함,승계가능, 연내시공사선정",1,단독매물,self_ad,False,False,https://www.zigbang.com/home/apt/items/50060175
2026-08-16 02:57:02,1419,현대,50060123,zigbang,156810,3863,charter,전세,120000,0,12.0,False,송파구,오금동,28동,저,170.32,51.52,193.73,193,58,,"확장올수리, 입주협의, 선순위근저당있어요",1,단독매물,self_ad,False,False,https://www.zigbang.com/home/apt/items/50060123
2026-08-16 02:57:02,1419,현대,50060166,zigbang,156584,3861,trade,매매,300000,0,30.0,False,송파구,오금동,34동,중,130.93,39.61,152.51,152,46,,"주인직접, 비확장옛올수리, 상속물건, 연내 시공사선정",1,단독매물,self_ad,False,False,https://www.zigbang.com/home/apt/items/50060166
2026-08-16 02:57:02,1419,현대,50060156,zigbang,156162,3861,trade,매매,300000,0,30.0,False,송파구,오금동,36동,9,130.93,39.61,152.51,152,46,,"확장올수리, 주인거주, 승계가능, 로얄동로얄층, 연내시공사",1,단독매물,self_ad,False,False,https://www.zigbang.com/home/apt/items/50060156
2026-08-16 02:57:02,1419,현대,50060138,zigbang,156113,3861,trade,매매,288000,0,28.8,False,송파구,오금동,41동,5,130.93,39.61,152.51,152,46,,"옛올수리, 주인거주, 연내시공사선정예정, 지분23.7",1,단독매물,self_ad,False,False,https://www.zigbang.com/home/apt/items/50060138
2026-08-16 02:57:02,1419,현대,50060144,zigbang,156378,3861,trade,매매,298000,0,29.8,False,송파구,오금동,42동,2,130.93,39.61,152.51,152,46,,"비확장올수리, 세7.6안고, 승계가능, 연내시공사선정",1,단독매물,self_ad,False,False,https://www.zigbang.com/home/apt/items/50060144
2026-08-16 02:57:02,1419,현대,50060163,zigbang,156296,3861,trade,매매,300000,0,30.0,False,송파구,오금동,44동,8,130.93,39.61,152.51,152,46,,"로얄동로얄층,주인거주,비확장올수리, 10월시공사선정,승계가",1,단독매물,self_ad,True,False,https://www.zigbang.com/home/apt/items/50060163
2026-08-16 02:57:02,4028,현대백조,50060233,zigbang,6334837,7156,trade,매매,170000,0,17.0,False,송파구,오금동,101동,3,78.59,23.77,102.27,102A,31A,,"무주택자only, 비확장올수리, 세6.2억안고, 지하주차",1,단독매물,self_ad,False,False,https://www.zigbang.com/home/apt/items/50060233
2026-08-16 02:57:02,4028,현대백조,50060234,zigbang,6334758,7159,trade,매매,180000,0,18.0,False,송파구,오금동,101동,저,84.92,25.69,110.51,110,33,,"옛수리, 34p, 주인거주, 입지굿, 개발호재, 재건축추진",1,단독매물,self_ad,True,False,https://www.zigbang.com/home/apt/items/50060234
2026-08-16 02:57:02,6232,갤러리아팰리스,50057707,zigbang,6368125,93478,trade,매매,420000,0,42.0,False,송파구,잠실동,C동,중,163.93,49.59,208.8,208C,63C,,"협의입주,뷰좋은역세권",1,단독매물,self_ad,False,False,https://www.zigbang.com/home/apt/items/50057707
2026-08-16 02:57:02,10591,레이크팰리스,49655467,zigbang,11962661,12285,rental,월세,40000,350,4.0,False,송파구,잠실동,109동,중,84.82,25.66,114.8,114,34,,34p 초품아 석촌호수 바로 옆,1,단독매물,self_ad,False,False,https://www.zigbang.com/home/apt/items/49655467
2026-08-16 02:57:02,10591,레이크팰리스,49965753,zigbang,11964335,12287,trade,매매,370000,0,37.0,False,송파구,잠실동,133동,중,135.82,41.09,166.86,166A,50A,,"초급매, 50 석촌호수옆, 입주조율가능, 집주인근저당대출",1,단독매물,self_ad,False,False,https://www.zigbang.com/home/apt/items/49965753
2026-08-16 02:57:02,10591,레이크팰리스,49897484,zigbang,11964448,12288,trade,매매,385000,0,38.5,False,송파구,잠실동,134동,중,136.74,41.36,167.9,167B,51B,,"급매, 석촌호수뷰",1,단독매물,self_ad,False,False,https://www.zigbang.com/home/apt/items/49897484
2026-08-16 02:57:02,10591,레이크팰리스,49965880,zigbang,11964497,12288,trade,매매,380000,0,38.0,False,송파구,잠실동,135동,저,136.74,41.36,167.9,167B,51B,,"석촌호수 3분거리, 급매 최저가, 가성비투자",1,단독매물,self_ad,False,False,https://www.zigbang.com/home/apt/items/49965880
2026-08-16 02:57:02,10591,레이크팰리스,216670,coalition,11964522,12287,trade,매매,420000,0,42.0,False,송파구,잠실동,135동,13,135.82,41.09,166.86,166A,50A,,"석촌호수뷰. 롯데백화점, 롯데마트 걸어서 3분.",1,단독매물,partner,True,False,https://www.zigbang.com/home/apt/items/216670
2026-08-16 02:57:02,16156,리센츠,49977030,zigbang,6874490,13781,trade,매매,340000,0,34.0,False,송파구,잠실동,206동,고,84.99,25.71,109.2,109A,33A,,33  갭투자가능   여러매물 보유  전화주세요,1,단독매물,self_ad,False,False,https://www.zigbang.com/home/apt/items/49977030
2026-08-16 02:57:02,16156,리센츠,49977281,zigbang,6874591,13786,charter,전세,140000,0,14.0,False,송파구,잠실동,208동,중,84.99,25.71,109.26,109F,33F,,33  전망 있고  엘베2대라  사용하기좋아요,1,단독매물,self_ad,False,False,https://www.zigbang.com/home/apt/items/49977281
2026-08-16 02:57:02,16156,리센츠,49977073,zigbang,6874814,13781,trade,매매,340000,0,34.0,False,송파구,잠실동,211동,저,84.99,25.71,109.2,109A,33A,,33  올확장  개방감 굿  세안고 갭투 가능 ,1,단독매물,self_ad,False,False,https://www.zigbang.com/home/apt/items/49977073
2026-08-16 02:57:02,16156,리센츠,49716051,zigbang,6874923,13781,charter,전세,155000,0,15.5,False,송파구,잠실동,212동,저,84.99,25.71,109.2,109A,33A,,올수리 올확장 조용한환경 학교인근 저층이지만 전망 좋음,1,단독매물,self_ad,False,False,https://www.zigbang.com/home/apt/items/49716051
2026-08-16 02:57:02,16156,리센츠,49977204,zigbang,6875245,13781,charter,전세,150000,0,15.0,False,송파구,잠실동,216동,저,84.99,25.71,109.2,109A,33A,,33  귀한전세  입주협의,1,단독매물,self_ad,False,False,https://www.zigbang.com/home/apt/items/49977204
2026-08-16 02:57:02,16156,리센츠,49975663,zigbang,6876308,13781,trade,매매,350000,0,35.0,False,송파구,잠실동,229동,저,84.99,25.71,109.2,109A,33A,,33  초역세권 상가가까운동  입주협의가,1,단독매물,self_ad,False,False,https://www.zigbang.com/home/apt/items/49975663
2026-08-16 02:57:02,16156,리센츠,49976384,zigbang,6876757,13782,charter,전세,150000,0,15.0,False,송파구,잠실동,235동,중,84.99,25.71,109.35,109B,33B,,33  초중고  인접  초품아단지   올확장 입주협의,1,단독매물,self_ad,False,False,https://www.zigbang.com/home/apt/items/49976384
2026-08-16 02:57:02,16156,리센츠,49976973,zigbang,6877405,13783,trade,매매,335000,0,33.5,False,송파구,잠실동,242동,중,84.99,25.71,109.34,109C,33C,,33  갭투자가능  개방감  있는세대 선점하세요,1,단독매물,self_ad,False,False,https://www.zigbang.com/home/apt/items/49976973
2026-08-16 02:57:02,16156,리센츠,49976051,zigbang,6877420,13781,rental,월세,40000,450,4.0,False,송파구,잠실동,242동,중,84.99,25.71,109.2,109A,33A,,33  귀한월세  밝은집  입주협의,1,단독매물,self_ad,False,False,https://www.zigbang.com/home/apt/items/49976051
2026-08-16 02:57:02,16156,리센츠,49976232,zigbang,6877459,13794,trade,매매,158000,0,15.8,False,송파구,잠실동,243동,저,27.68,8.37,42.28,42A,13A,,12   저층  입주매물  역세권  확장,1,단독매물,self_ad,False,False,https://www.zigbang.com/home/apt/items/49976232
2026-08-16 02:57:02,16156,리센츠,49976331,zigbang,6877830,13795,trade,매매,170000,0,17.0,False,송파구,잠실동,244동,중,27.68,8.37,42.6,42B,13B,,12  비타입  역세권  귀한매매   신혼부부에게 좋아요.,1,단독매물,self_ad,False,False,https://www.zigbang.com/home/apt/items/49976331
2026-08-16 02:57:02,16156,리센츠,49976286,zigbang,6877742,13794,charter,전세,52000,0,5.2,False,송파구,잠실동,244동,저,27.68,8.37,42.28,42A,13A,,12  초역세권  귀한 전세  입주협의,1,단독매물,self_ad,False,False,https://www.zigbang.com/home/apt/items/49976286
2026-08-16 02:57:02,16156,리센츠,49977315,zigbang,6877896,13794,trade,매매,160000,0,16.0,False,송파구,잠실동,245동,저,27.68,8.37,42.28,42A,13A,,12  저층 매매  신혼부부굿  입주협의가,1,단독매물,self_ad,False,False,https://www.zigbang.com/home/apt/items/49977315
2026-08-16 02:57:02,16156,리센츠,49553990,zigbang,6877907,13795,trade,매매,163000,0,16.3,False,송파구,잠실동,245동,저,27.68,8.37,42.6,42B,13B,,12b 올확장 맞바람구조 정원뷰 입주 협의 귀한매물,1,단독매물,self_ad,False,False,https://www.zigbang.com/home/apt/items/49553990
2026-08-16 02:57:02,16156,리센츠,49975531,zigbang,6877980,13796,trade,매매,170000,0,17.0,False,송파구,잠실동,245동,중,27.68,8.37,42.52,42C,13C,,12  전망좋은 집  귀한매물 선점하세요,1,단독매물,self_ad,False,False,https://www.zigbang.com/home/apt/items/49975531
2026-08-16 02:57:02,16156,리센츠,49977242,zigbang,6878174,13794,charter,전세,65000,0,6.5,False,송파구,잠실동,246동,중,27.68,8.37,42.28,42A,13A,,12  귀한전세  밝은집 5억60도가,1,단독매물,self_ad,False,False,https://www.zigbang.com/home/apt/items/49977242
2026-08-16 02:57:02,16156,리센츠,49554207,zigbang,6878240,13794,charter,전세,70000,0,7.0,False,송파구,잠실동,246동,중,27.68,8.37,42.28,42A,13A,,"12A,롯데타워뷰,막힘없는 파노라마뷰,융무,에어컨2,야경굿",1,단독매물,self_ad,False,False,https://www.zigbang.com/home/apt/items/49554207
2026-08-16 02:57:02,16156,리센츠,49977165,zigbang,6878111,13794,rental,월세,30000,120,3.0,False,송파구,잠실동,246동,저,27.68,8.37,42.28,42A,13A,,12  귀한 반전세  신혼부부 굿  역세권 입주협의,1,단독매물,self_ad,False,False,https://www.zigbang.com/home/apt/items/49977165
2026-08-16 02:57:02,16156,리센츠,49976090,zigbang,6878181,13794,rental,월세,30000,140,3.0,False,송파구,잠실동,246동,중,27.68,8.37,42.28,42A,13A,,12  귀한월세  역세권  입주협의,1,단독매물,self_ad,False,False,https://www.zigbang.com/home/apt/items/49976090
2026-08-16 02:57:02,16156,리센츠,49977110,zigbang,6878334,13787,trade,매매,335000,0,33.5,False,송파구,잠실동,247동,저,84.99,25.71,109.4,109G,33G,,33   잠실역  롯데월드 5분거리  세안고 갭투가능,1,단독매물,self_ad,False,False,https://www.zigbang.com/home/apt/items/49977110
2026-08-16 02:57:02,16156,리센츠,49551094,zigbang,6878513,13786,trade,매매,338000,0,33.8,False,송파구,잠실동,249동,저,84.99,25.71,109.26,109F,33F,,"33,올확장,전세12억 안고,27년2월 중저층,엘베2대",1,단독매물,self_ad,False,False,https://www.zigbang.com/home/apt/items/49551094
2026-08-16 02:57:02,16156,리센츠,49976262,zigbang,6878532,13789,charter,전세,145000,0,14.5,False,송파구,잠실동,249동,중,84.99,25.71,109.31,109J,33J,,33  거실넓은 타입  입주협의  귀한전세,1,단독매물,self_ad,False,False,https://www.zigbang.com/home/apt/items/49976262
2026-08-16 02:57:02,16156,리센츠,49976715,zigbang,6878673,13782,trade,매매,340000,0,34.0,False,송파구,잠실동,250동,고,84.99,25.71,109.35,109B,33B,,33   관리동 학교5분거리  세안고 갭투자가능 ,1,단독매물,self_ad,False,False,https://www.zigbang.com/home/apt/items/49976715
2026-08-16 02:57:02,16156,리센츠,49976759,zigbang,6878824,13782,trade,매매,350000,0,35.0,False,송파구,잠실동,252동,고,84.99,25.71,109.35,109B,33B,,33  입주  대단지  초중고 인접  입주협의,1,단독매물,self_ad,False,False,https://www.zigbang.com/home/apt/items/49976759
2026-08-16 02:57:02,16156,리센츠,49533756,zigbang,6878926,13793,rental,월세,80000,450,8.0,False,송파구,잠실동,253동,저,124.22,37.58,158.87,158B,48B,,"48, 로얄동 살기좋은단지, 입주조율가능",1,단독매물,self_ad,False,False,https://www.zigbang.com/home/apt/items/49533756
2026-08-16 02:57:02,16156,리센츠,49975882,zigbang,6879026,13793,trade,매매,400000,0,40.0,False,송파구,잠실동,255동,저,124.22,37.58,158.87,158B,48B,,48  초급매  초중고 인접  입주협의,1,단독매물,self_ad,False,False,https://www.zigbang.com/home/apt/items/49975882
2026-08-16 02:57:02,16156,리센츠,49976183,zigbang,6879028,13793,rental,월세,70000,550,7.0,False,송파구,잠실동,255동,저,124.22,37.58,158.87,158B,48B,,48  올확장  조용한동  입주협의,1,단독매물,self_ad,False,False,https://www.zigbang.com/home/apt/items/49976183
2026-08-16 02:57:02,16156,리센츠,247824,coalition,6879037,13793,rental,월세,70000,480,7.0,True,송파구,잠실동,255동,8,124.22,37.58,158.87,158B,48B,,롯데백화점 가깝고 햇살 좋은 남향집입니다,5,동일호중복,partner,True,False,https://www.zigbang.com/home/apt/items/247824
2026-08-16 02:57:02,16156,리센츠,49975828,zigbang,6879094,13793,trade,매매,442000,0,44.2,False,송파구,잠실동,256동,저,124.22,37.58,158.87,158B,48B,,48  졸용한동 초중고 인접  초품아  입주협의,1,단독매물,self_ad,False,False,https://www.zigbang.com/home/apt/items/49975828
2026-08-16 02:57:02,16156,리센츠,49577444,zigbang,6879091,13792,rental,월세,70000,440,7.0,False,송파구,잠실동,256동,저,124.22,37.58,158.69,158A,48A,,"입주조율가능, 살기좋은로얄동, 채광좋고 바람솔솔, 수리",1,단독매물,self_ad,False,False,https://www.zigbang.com/home/apt/items/49577444
2026-08-16 02:57:02,16156,리센츠,49976439,zigbang,6879176,13793,rental,월세,140000,160,14.0,False,송파구,잠실동,257동,중,124.22,37.58,158.87,158B,48B,,48 귀한 반전세  롯데타워뷰  입주협의,1,단독매물,self_ad,False,False,https://www.zigbang.com/home/apt/items/49976439
2026-08-16 02:57:02,16156,리센츠,49975777,zigbang,6879259,13793,trade,매매,450000,0,45.0,False,송파구,잠실동,259동,중,124.22,37.58,158.87,158B,48B,,48 한강조망  뷰  입주협의,1,단독매물,self_ad,False,False,https://www.zigbang.com/home/apt/items/49975777
2026-08-16 02:57:02,16156,리센츠,49551873,zigbang,6879329,13792,rental,월세,70000,450,7.0,False,송파구,잠실동,260동,중,124.22,37.58,158.69,158A,48A,,48 수리되어컨디션좋음  채광좋고확트인뷰 2호선잠실새내역,1,단독매물,self_ad,False,False,https://www.zigbang.com/home/apt/items/49551873
2026-08-16 02:57:02,16156,리센츠,49975734,zigbang,6879399,13793,trade,매매,450000,0,45.0,False,송파구,잠실동,261동,중,124.22,37.58,158.87,158B,48B,,48  한강뷰  뻥뷰 입주협의,1,단독매물,self_ad,False,False,https://www.zigbang.com/home/apt/items/49975734
2026-08-16 02:57:02,888,"우성1,2,3차",49873637,zigbang,8265964,2350,trade,매매,270000,0,27.0,False,송파구,잠실동,10동,고,80.39,24.32,86.09,86B,26B,,25 재건축추진중 사업시행계획인가추진  2호선 종합운동장,1,단독매물,self_ad,False,False,https://www.zigbang.com/home/apt/items/49873637
2026-08-16 02:57:02,888,"우성1,2,3차",49980778,zigbang,8266383,2344,trade,매매,365000,0,36.5,False,송파구,잠실동,18동,중,96.65,29.24,104.6,104A,31A,,"사업시행인가, 최근 특올수리, 확장, 특급호재",1,단독매물,self_ad,True,False,https://www.zigbang.com/home/apt/items/49980778
2026-08-16 02:57:02,888,"우성1,2,3차",49980733,zigbang,8266686,2344,trade,매매,330000,0,33.0,False,송파구,잠실동,23동,저,96.65,29.24,104.6,104A,31A,,"급매, 최고의 미래가치를 품은 단지, 추천매물",1,단독매물,self_ad,False,False,https://www.zigbang.com/home/apt/items/49980733
2026-08-16 02:57:02,908,우성4차,49984095,zigbang,5416020,2403,trade,매매,275000,0,27.5,False,송파구,잠실동,101동,고,95.84,28.99,105.52,105,32,,재건축투자추천 l 이주10월 l ACRO l 감정가 높음,1,단독매물,self_ad,False,False,https://www.zigbang.com/home/apt/items/49984095
2026-08-16 02:57:02,908,우성4차,50032468,zigbang,5420025,2403,trade,매매,259000,0,25.9,False,송파구,잠실동,107동,중,95.84,28.99,105.52,105,32,,"초급매, 이주비대출가능, 최고권리가액",1,단독매물,self_ad,False,False,https://www.zigbang.com/home/apt/items/50032468
2026-08-16 02:57:02,908,우성4차,50027237,zigbang,5420030,2403,trade,매매,260000,0,26.0,False,송파구,잠실동,107동,고,95.84,28.99,105.52,105,32,,34 재건축 관리처분인가확정 10월이주 조합원승계 ,1,단독매물,self_ad,False,False,https://www.zigbang.com/home/apt/items/50027237
2026-08-16 02:57:02,908,우성4차,49874055,zigbang,5420145,2405,trade,매매,240000,0,24.0,False,송파구,잠실동,108동,고,81.14,24.54,89.29,89,27,,"27 재건축 10월이주확정 대림아크로선정 2,9호선종합운동",1,단독매물,self_ad,False,False,https://www.zigbang.com/home/apt/items/49874055
2026-08-16 02:57:02,908,우성4차,49872385,zigbang,5420064,2405,trade,매매,245000,0,24.5,False,송파구,잠실동,108동,저,81.14,24.54,89.29,89,27,,"초급매, 관처 완료, 10월부터 이주시작, 잠실아크로",1,단독매물,self_ad,False,False,https://www.zigbang.com/home/apt/items/49872385
2026-08-16 02:57:02,908,우성4차,253607,coalition,5420099,2405,trade,매매,270000,0,27.0,False,송파구,잠실동,108동,8,81.14,24.54,89.29,89,27,,재건축관리처분인가득 대림아크로선정 로얄층 로얄호,4,동일호중복,partner,True,False,https://www.zigbang.com/home/apt/items/253607
2026-08-16 02:57:02,15984,잠실엘스,49482269,zigbang,2827740,13723,trade,매매,338000,0,33.8,False,송파구,잠실동,101동,고,84.97,25.7,109.47,109B,33B,,"33, 역세권, 채광굿, 남향, 엘베2,올확장 세안고",1,단독매물,self_ad,False,False,https://www.zigbang.com/home/apt/items/49482269
2026-08-16 02:57:02,15984,잠실엘스,49482432,zigbang,2823388,13726,charter,전세,120000,0,12.0,False,송파구,잠실동,103동,중,59.96,18.14,84.75,84,25,,"25, 올확장, 더블역세권, 내부상태굿, 조건맞춰드려요",1,단독매물,self_ad,False,False,https://www.zigbang.com/home/apt/items/49482432
2026-08-16 02:57:02,15984,잠실엘스,49988944,zigbang,2823531,13726,rental,월세,55000,220,5.5,False,송파구,잠실동,119동,저,59.96,18.14,84.75,84,25,,25  역세권동  상가동 하고 가까워 편리함  입주협의,1,단독매물,self_ad,False,False,https://www.zigbang.com/home/apt/items/49988944
2026-08-16 02:57:02,15984,잠실엘스,50044550,zigbang,2823226,13726,trade,매매,290000,0,29.0,False,송파구,잠실동,127동,저,59.96,18.14,84.75,84,25,,25 잠일고 잠일초  5분거리  입주협의가,1,단독매물,self_ad,False,False,https://www.zigbang.com/home/apt/items/50044550
2026-08-16 02:57:02,15984,잠실엘스,50044460,zigbang,2827819,13723,charter,전세,135000,0,13.5,False,송파구,잠실동,131동,중,84.97,25.7,109.47,109B,33B,,33  올확장  역세권동  입주협의,1,단독매물,self_ad,False,False,https://www.zigbang.com/home/apt/items/50044460
2026-08-16 02:57:02,15984,잠실엘스,49480450,zigbang,2826012,13724,charter,전세,130000,0,13.0,False,송파구,잠실동,132동,중,84.8,25.65,111.52,111,34,,역세권이고 학교가까워요. 빛이 환하게 잘드는 집. ,1,단독매물,self_ad,False,False,https://www.zigbang.com/home/apt/items/49480450
2026-08-16 02:57:02,15984,잠실엘스,50044423,zigbang,2826112,13724,charter,전세,134000,0,13.4,False,송파구,잠실동,132동,고,84.8,25.65,111.52,111,34,,33  저렴한 전세    채광우수 밝은집,1,단독매물,self_ad,False,False,https://www.zigbang.com/home/apt/items/50044423
2026-08-16 02:57:02,15984,잠실엘스,50044681,zigbang,2825328,13724,trade,매매,337000,0,33.7,False,송파구,잠실동,137동,고,84.8,25.65,111.52,111,34,,33  초급매  롯데타워뷰  입주협의,1,단독매물,self_ad,False,False,https://www.zigbang.com/home/apt/items/50044681
2026-08-16 02:57:02,15984,잠실엘스,50044386,zigbang,2824623,13724,charter,전세,135000,0,13.5,False,송파구,잠실동,140동,중,84.8,25.65,111.52,111,34,,33  귀한전세  입주 협의 ,1,단독매물,self_ad,False,False,https://www.zigbang.com/home/apt/items/50044386
2026-08-16 02:57:02,15984,잠실엘스,49772039,zigbang,2824538,13724,charter,전세,135000,0,13.5,False,송파구,잠실동,140동,중,84.8,25.65,111.52,111,34,,"33, 학교근접동, 확장, 깨끗 깔끔, 융무, 장기거주가능",1,단독매물,self_ad,False,False,https://www.zigbang.com/home/apt/items/49772039
2026-08-16 02:57:02,15984,잠실엘스,50044712,zigbang,2825082,13724,trade,매매,345000,0,34.5,False,송파구,잠실동,145동,중,84.8,25.65,111.52,111,34,,33  한강뷰  특올수리  입주협의 ,1,단독매물,self_ad,False,False,https://www.zigbang.com/home/apt/items/50044712
2026-08-16 02:57:02,15984,잠실엘스,50044659,zigbang,2826130,13724,trade,매매,350000,0,35.0,False,송파구,잠실동,150동,중,84.8,25.65,111.52,111,34,,33  조용한동  뷰 좋아요  신천중 5분거리,1,단독매물,self_ad,False,False,https://www.zigbang.com/home/apt/items/50044659
2026-08-16 02:57:02,15984,잠실엘스,49481182,zigbang,2826185,13724,rental,월세,80000,200,8.0,False,송파구,잠실동,150동,중,84.8,25.65,111.52,111,34,,"남향 초,중,고 학교앞 오래 거주가능. 채광최고",1,단독매물,self_ad,False,False,https://www.zigbang.com/home/apt/items/49481182
2026-08-16 02:57:02,15984,잠실엘스,50044329,zigbang,2823701,13726,charter,전세,130000,0,13.0,False,송파구,잠실동,158동,중,59.96,18.14,84.75,84,25,,조용한동  9호선라인 입주협의,1,단독매물,self_ad,False,False,https://www.zigbang.com/home/apt/items/50044329
2026-08-16 02:57:02,15984,잠실엘스,50044577,zigbang,2823960,13726,trade,매매,293000,0,29.3,False,송파구,잠실동,163동,중,59.96,18.14,84.75,84,25,,25 하군좋아요 9호선라인  확장굿,1,단독매물,self_ad,False,False,https://www.zigbang.com/home/apt/items/50044577
2026-08-16 02:57:02,15984,잠실엘스,50044508,zigbang,2823871,13726,trade,매매,283000,0,28.3,False,송파구,잠실동,167동,저,59.96,18.14,84.75,84,25,,25  학군 단지내 잠일초 신천중  입주협의,1,단독매물,self_ad,False,False,https://www.zigbang.com/home/apt/items/50044508
2026-08-16 02:57:02,15984,잠실엘스,49481264,zigbang,2823838,13726,trade,매매,285000,0,28.5,False,송파구,잠실동,167동,저,59.96,18.14,84.75,84,25,,"25 더블역세권 잠일초, 신천중 단지내 학군, 정원뷰",1,단독매물,self_ad,False,False,https://www.zigbang.com/home/apt/items/49481264
2026-08-16 02:57:02,15984,잠실엘스,50044359,zigbang,2823785,13726,charter,전세,130000,0,13.0,False,송파구,잠실동,167동,고,59.96,18.14,84.75,84,25,,9호선라인 역세권  뷰 특올수리,1,단독매물,self_ad,False,False,https://www.zigbang.com/home/apt/items/50044359
2026-08-16 02:57:02,15984,잠실엘스,50044613,zigbang,2823674,13726,trade,매매,295000,0,29.5,False,송파구,잠실동,171동,중,59.96,18.14,84.75,84,25,,25 9호선 초역세권   갭투자 세안고전망  뷰 좋아요,1,단독매물,self_ad,False,False,https://www.zigbang.com/home/apt/items/50044613
2026-08-16 02:57:02,15984,잠실엘스,49480065,zigbang,2823672,13726,trade,매매,295000,0,29.5,False,송파구,잠실동,171동,중,59.96,18.14,84.75,84,25,,"27년2월만기,올확장,화단철거됨,로얄층이고 시원한뷰",1,단독매물,self_ad,False,False,https://www.zigbang.com/home/apt/items/49480065
2026-08-16 02:57:02,1069,잠실주공5단지,50055964,zigbang,13338497,2922,trade,매매,460000,0,46.0,False,송파구,잠실동,503동,저,82.51,24.96,119,119A,36A,,36P 사업시행인가완료  바로 계약 가능 조합원지위이전가능,1,단독매물,self_ad,False,False,https://www.zigbang.com/home/apt/items/50055964
2026-08-16 02:57:02,1069,잠실주공5단지,50021836,zigbang,13338516,2922,trade,매매,460000,0,46.0,False,송파구,잠실동,503동,중,82.51,24.96,119,119A,36A,,사업시행인가 승인  조합원승계가능  ,1,단독매물,self_ad,False,False,https://www.zigbang.com/home/apt/items/50021836
2026-08-16 02:57:02,1069,잠실주공5단지,49779259,zigbang,13339524,2920,trade,매매,410000,0,41.0,False,송파구,잠실동,510동,중,76.49,23.14,112.39,112B,34B,,사업시행이가 완료 주인직접의뢰 바로 계약 가능함,1,단독매물,self_ad,False,False,https://www.zigbang.com/home/apt/items/49779259
2026-08-16 02:57:02,1069,잠실주공5단지,49691359,zigbang,13339526,2920,trade,매매,420000,0,42.0,False,송파구,잠실동,510동,중,76.49,23.14,112.39,112B,34B,,급매 사업시행인가승인 조합원승계 처더블역세권 ,1,단독매물,self_ad,False,False,https://www.zigbang.com/home/apt/items/49691359
2026-08-16 02:57:02,1069,잠실주공5단지,49666242,zigbang,13339681,2921,trade,매매,415000,0,41.5,False,송파구,잠실동,512동,중,81.75,24.73,115.7,115,35,,34 사업시행계획인가 잠실역세권,1,단독매물,self_ad,False,False,https://www.zigbang.com/home/apt/items/49666242
2026-08-16 02:57:02,1069,잠실주공5단지,49691504,zigbang,13340515,2920,trade,매매,415000,0,41.5,False,송파구,잠실동,520동,중,76.49,23.14,112.39,112B,34B,,급매 사업시행인가 승인 초더블역세권  조합원승계,1,단독매물,self_ad,False,False,https://www.zigbang.com/home/apt/items/49691504
2026-08-16 02:57:02,1069,잠실주공5단지,49691256,zigbang,13340516,2920,trade,매매,415000,0,41.5,False,송파구,잠실동,520동,중,76.49,23.14,112.39,112B,34B,,급매 사업시행인가승인 조합원 승계  잠실역 초역세권,1,단독매물,self_ad,False,False,https://www.zigbang.com/home/apt/items/49691256
2026-08-16 02:57:02,1069,잠실주공5단지,49784532,zigbang,13340646,2920,trade,매매,415000,0,41.5,False,송파구,잠실동,521동,중,76.49,23.14,112.39,112B,34B,,사업시행인가 승인  주인직접의뢰  바로 계약 가능함,1,단독매물,self_ad,False,False,https://www.zigbang.com/home/apt/items/49784532
2026-08-16 02:57:02,1069,잠실주공5단지,49872987,zigbang,13341073,2919,trade,매매,395000,0,39.5,False,송파구,잠실동,524동,저,76.49,23.14,112.39,112A,34A,,"초급매, 이주임박, 사업시행인가",1,단독매물,self_ad,False,False,https://www.zigbang.com/home/apt/items/49872987
2026-08-16 02:57:02,14453,트리지움,49481779,zigbang,5498723,13277,trade,매매,295000,0,29.5,False,송파구,잠실동,301동,중,59.88,18.11,84.7,84,25,,"올확장된 역세권 최고 매물, 로얄동 로얄층 뻥뷰입니다.",1,단독매물,self_ad,False,False,https://www.zigbang.com/home/apt/items/49481779
2026-08-16 02:57:02,14453,트리지움,49655547,zigbang,5498675,13277,rental,월세,70000,160,7.0,False,송파구,잠실동,307동,중,59.88,18.11,84.7,84,25,,올확장 귀한월세 상태 좋아요,1,단독매물,self_ad,False,False,https://www.zigbang.com/home/apt/items/49655547
2026-08-16 02:57:02,14453,트리지움,49481968,zigbang,5500621,13272,charter,전세,125000,0,12.5,False,송파구,잠실동,326동,중,84.83,25.66,110.54,110,33,,"33 귀한전세,올확장,판상형,남향,앞트인뷰,학교 옆. ",1,단독매물,self_ad,False,False,https://www.zigbang.com/home/apt/items/49481968
2026-08-16 02:57:02,14453,트리지움,49482096,zigbang,5500663,13272,rental,월세,95000,140,9.5,False,송파구,잠실동,326동,고,84.83,25.66,110.54,110,33,,"33,판상형,로얄층,컨디션좋은집. 융자없음,채광좋음",1,단독매물,self_ad,False,False,https://www.zigbang.com/home/apt/items/49482096
2026-08-16 02:57:02,14453,트리지움,49481871,zigbang,5501220,13273,trade,매매,323000,0,32.3,False,송파구,잠실동,332동,고,84.95,25.7,110.84,110A,33A,,"33A 남향, 선호타입. 엘베2대, 개방감 굿, 확장완료",1,단독매물,self_ad,False,False,https://www.zigbang.com/home/apt/items/49481871
2026-08-16 02:57:02,1397,현대,212496,coalition,7905763,3812,trade,매매,220000,0,22.0,False,송파구,잠실동,102동,6,84.68,25.62,102.39,102B,31B,,"화장실, 부엌 등 올수리되어 있음",1,단독매물,partner,True,False,https://www.zigbang.com/home/apt/items/212496
2026-08-16 02:57:02,22598,송파꿈에그린위례24단지,49624864,zigbang,7170701,19199,trade,매매,150000,0,15.0,False,송파구,장지동,2401동,1,51.77,15.66,70.87,70A,21A,,"입주 가능한 실매물, 완전 급매입니다.",2,동일호중복,self_ad,True,False,https://www.zigbang.com/home/apt/items/49624864
2026-08-16 02:57:02,22598,송파꿈에그린위례24단지,49756599,zigbang,7170802,19199,trade,매매,163000,0,16.3,False,송파구,장지동,2401동,고,51.77,15.66,70.87,70A,21A,,갭투. 추천 매물. 로얄동 로얄층. 정남향. 햇살 좋은집,2,동일호중복,self_ad,False,False,https://www.zigbang.com/home/apt/items/49756599
2026-08-16 02:57:02,22598,송파꿈에그린위례24단지,49077746,zigbang,7170800,19199,trade,매매,163000,0,16.3,False,송파구,장지동,2401동,고,51.77,15.66,70.87,70A,21A,,"남향, 세안고, 송파학군 ",1,단독매물,self_ad,False,False,https://www.zigbang.com/home/apt/items/49077746
2026-08-16 02:57:02,22598,송파꿈에그린위례24단지,254629,coalition,7170806,19199,charter,전세,62000,0,6.2,True,송파구,장지동,2401동,15,51.77,15.66,70.87,70A,21A,,융자무. 상태최상. 남향. 층간소음없음. 입주 협의 가능,2,동일호중복,partner,True,False,https://www.zigbang.com/home/apt/items/254629
2026-08-16 02:57:02,22598,송파꿈에그린위례24단지,50055732,zigbang,7170805,19199,charter,전세,64000,0,6.4,True,송파구,장지동,2401동,15,51.77,15.66,70.87,70A,21A,,"좋은 동 좋은 층, 귀한 전세 매물, 빠른 입주 가능",4,동일호중복,self_ad,True,False,https://www.zigbang.com/home/apt/items/50055732
2026-08-16 02:57:02,22598,송파꿈에그린위례24단지,50003230,zigbang,7170882,19199,trade,매매,170000,0,17.0,False,송파구,장지동,2402동,고,51.77,15.66,70.87,70A,21A,,"입주매매,주인직접,12월가,최상로얄층,햇살 좋고 복 많은집",1,단독매물,self_ad,True,False,https://www.zigbang.com/home/apt/items/50003230
2026-08-16 02:57:02,22598,송파꿈에그린위례24단지,49486389,zigbang,7170894,19188,trade,매매,215000,0,21.5,False,송파구,장지동,2402동,고,75.97,22.98,103.99,103A,31A,,"30평형 완전 급매, 주인거주로 완전 깔끔, 로얄동 로얄층",1,단독매물,self_ad,False,False,https://www.zigbang.com/home/apt/items/49486389
2026-08-16 02:57:02,22598,송파꿈에그린위례24단지,49371806,zigbang,7170906,19188,trade,매매,215000,0,21.5,False,송파구,장지동,2402동,고,75.97,22.98,103.99,103A,31A,,"입주협의, 급매물, 로얄동 트인뷰, 조정해볼게요",1,단독매물,self_ad,False,False,https://www.zigbang.com/home/apt/items/49371806
2026-08-16 02:57:02,22598,송파꿈에그린위례24단지,49796372,zigbang,7170954,19188,trade,매매,215000,0,21.5,False,송파구,장지동,2403동,중,75.97,22.98,103.99,103A,31A,,입주 협의. 귀한 매매.  초중고 학군 굿. 트인 뷰. ,2,동일호중복,self_ad,False,False,https://www.zigbang.com/home/apt/items/49796372
2026-08-16 02:57:02,22598,송파꿈에그린위례24단지,49853794,zigbang,7170998,19188,trade,매매,217500,0,21.75,False,송파구,장지동,2403동,고,75.97,22.98,103.99,103A,31A,,"실매물,입주,확트인햇살좋은집,30,방3,화2,교통,생활권편",1,단독매물,self_ad,False,False,https://www.zigbang.com/home/apt/items/49853794
2026-08-16 02:57:02,22598,송파꿈에그린위례24단지,49040930,zigbang,7170984,19188,trade,매매,217500,0,21.75,False,송파구,장지동,2403동,고,75.97,22.98,103.99,103A,31A,,"입주매물, 컨디션좋음, 송파학군, 조정해볼게요",1,단독매물,self_ad,False,False,https://www.zigbang.com/home/apt/items/49040930
2026-08-16 02:57:02,22598,송파꿈에그린위례24단지,50020191,zigbang,7171072,19199,trade,매매,162000,0,16.2,True,송파구,장지동,2404동,고,51.77,15.66,70.87,70A,21A,,추천 입주 매매. 정남향. 고층. 조용하고 햇살 좋은집,3,동일호중복,self_ad,True,False,https://www.zigbang.com/home/apt/items/50020191
2026-08-16 02:57:02,22598,송파꿈에그린위례24단지,49876887,zigbang,7171188,19199,charter,전세,66000,0,6.6,False,송파구,장지동,2406동,저,51.77,15.66,70.87,70A,21A,,"남향, 융자무, 입주협의, 컨디션좋음 ",1,단독매물,self_ad,False,False,https://www.zigbang.com/home/apt/items/49876887
2026-08-16 02:57:02,22598,송파꿈에그린위례24단지,49851075,zigbang,7171200,19199,charter,전세,68000,0,6.8,False,송파구,장지동,2406동,중,51.77,15.66,70.87,70A,21A,,SS 로얄동 로얄층. 정남향. 학교 바로 앞 동,1,단독매물,self_ad,False,False,https://www.zigbang.com/home/apt/items/49851075
2026-08-16 02:57:02,22598,송파꿈에그린위례24단지,49897606,zigbang,7171165,19201,charter,전세,70000,0,7.0,False,송파구,장지동,2406동,고,51.82,15.68,70.93,70B,21B,,귀한타입. 베란다 두개. 개방감 좋은구조. 하루종일밝은집,1,단독매물,self_ad,True,False,https://www.zigbang.com/home/apt/items/49897606
2026-08-16 02:57:02,22598,송파꿈에그린위례24단지,49784913,zigbang,7171248,19199,trade,매매,165000,0,16.5,False,송파구,장지동,2407동,4,51.77,15.66,70.87,70A,21A,,호재 많은 위례.입주날짜조율 가능. 정남향.학교 바로 앞,4,동일호중복,self_ad,True,False,https://www.zigbang.com/home/apt/items/49784913
2026-08-16 02:57:02,22598,송파꿈에그린위례24단지,49441824,zigbang,7171266,19196,trade,매매,225000,0,22.5,False,송파구,장지동,2407동,7,84.93,25.69,116.26,116B,35B,,34평 아주 귀한 입주 가능 매매입니다.,2,동일호중복,self_ad,True,False,https://www.zigbang.com/home/apt/items/49441824
2026-08-16 02:57:02,22598,송파꿈에그린위례24단지,49572784,zigbang,7171275,19196,trade,매매,225000,0,22.5,False,송파구,장지동,2407동,중,84.93,25.69,116.26,116B,35B,,"입주협의, 송파학군, 선점하세요",1,단독매물,self_ad,False,False,https://www.zigbang.com/home/apt/items/49572784
2026-08-16 02:57:02,22598,송파꿈에그린위례24단지,49459229,zigbang,7171250,19196,rental,월세,10000,320,1.0,True,송파구,장지동,2407동,4,84.93,25.69,116.26,116B,35B,,"34평 귀한 월세, 빠른 입주 가능, 해 잘 드는집",3,동일호중복,self_ad,True,False,https://www.zigbang.com/home/apt/items/49459229
2026-08-16 02:57:02,22598,송파꿈에그린위례24단지,49077800,zigbang,7171356,19199,trade,매매,163000,0,16.3,False,송파구,장지동,2408동,중,51.77,15.66,70.87,70A,21A,,"입주, 송파학군, 교통상가이용편리함, ",1,단독매물,self_ad,False,False,https://www.zigbang.com/home/apt/items/49077800
2026-08-16 02:57:02,22598,송파꿈에그린위례24단지,49826993,zigbang,7171331,19199,charter,전세,66000,0,6.6,False,송파구,장지동,2408동,저,51.77,15.66,70.87,70A,21A,,입주협의. 조용한 동. 융자없는 집. 집 상태 굿,1,단독매물,self_ad,False,False,https://www.zigbang.com/home/apt/items/49826993
2026-08-16 02:57:02,22598,송파꿈에그린위례24단지,49444825,zigbang,7171383,19208,trade,매매,200000,0,20.0,False,송파구,장지동,2409동,저,59.96,18.14,82.08,82A1N,25A1N,,주인 거주중으로 풀 인테리어 되어 있습니다.,1,단독매물,self_ad,True,False,https://www.zigbang.com/home/apt/items/49444825
2026-08-16 02:57:02,22598,송파꿈에그린위례24단지,49438901,zigbang,7171408,19189,trade,매매,220000,0,22.0,True,송파구,장지동,2409동,6,75.97,22.98,103.99,103A1N,31A1N,,초등학교 바로앞 ,3,동일호중복,self_ad,True,False,https://www.zigbang.com/home/apt/items/49438901
2026-08-16 02:57:02,22598,송파꿈에그린위례24단지,49853769,zigbang,7171620,19206,trade,매매,188000,0,18.8,False,송파구,장지동,2411동,중,59.85,18.1,81.93,81C1,25C1,,"실매물,입주 ,선호타입,확트인햇살좋은집,상권,교통편리 ",1,단독매물,self_ad,False,False,https://www.zigbang.com/home/apt/items/49853769
2026-08-16 02:57:02,22598,송파꿈에그린위례24단지,49475132,zigbang,7171891,19193,trade,매매,250000,0,25.0,False,송파구,장지동,2414동,14,84.96,25.7,116.3,116A,35A,,"초,중 인접해 있어 아이들 등하교가 안전하고 편리합니다.",2,동일호중복,self_ad,True,False,https://www.zigbang.com/home/apt/items/49475132
2026-08-16 02:57:02,22598,송파꿈에그린위례24단지,49910948,zigbang,7171937,19204,trade,매매,185000,0,18.5,True,송파구,장지동,2415동,저,59.63,18.04,81.63,81A,25A,,"중저층 매물로 단지뷰 이쁘게 나오는 집, 27년초입주 가능",2,동일호중복,self_ad,True,False,https://www.zigbang.com/home/apt/items/49910948
2026-08-16 02:57:02,22598,송파꿈에그린위례24단지,49067045,zigbang,7171941,19205,trade,매매,188000,0,18.8,False,송파구,장지동,2415동,중,59.66,18.05,81.67,81C,25C,,"입주매물, 컨디션좋음, 거실넓은타입, 조정더해볼게요",1,단독매물,self_ad,True,False,https://www.zigbang.com/home/apt/items/49067045
2026-08-16 02:57:02,22598,송파꿈에그린위례24단지,48441848,zigbang,7171944,19204,trade,매매,189000,0,18.9,False,송파구,장지동,2415동,중,59.63,18.04,81.63,81A,25A,,"l두리추천l 남향, 로얄동,입주매물, 송파학군, 초중품아",1,단독매물,self_ad,True,False,https://www.zigbang.com/home/apt/items/48441848
2026-08-16 02:57:02,22598,송파꿈에그린위례24단지,49444419,zigbang,7172052,19204,trade,매매,185000,0,18.5,True,송파구,장지동,2416동,10,59.63,18.04,81.63,81A,25A,,"로얄동 로얄층 입주 가능 귀한 매물, 완저 트인뷰",3,동일호중복,self_ad,True,False,https://www.zigbang.com/home/apt/items/49444419
2026-08-16 02:57:02,22598,송파꿈에그린위례24단지,49925230,zigbang,7172029,19204,trade,매매,188000,0,18.8,False,송파구,장지동,2416동,중,59.63,18.04,81.63,81A,25A,,"세안고 매매, 단지뷰, 인기구조, 저렴한 매물, 학군 최고",1,단독매물,self_ad,True,False,https://www.zigbang.com/home/apt/items/49925230
2026-08-16 02:57:02,22598,송파꿈에그린위례24단지,49912027,zigbang,7172068,19204,trade,매매,200000,0,20.0,False,송파구,장지동,2416동,고,59.63,18.04,81.63,81A,25A,,25 방3 화2 송파권 입주가능 로얄매물 초.중 학세권 ,1,단독매물,self_ad,True,False,https://www.zigbang.com/home/apt/items/49912027
2026-08-16 02:57:02,22598,송파꿈에그린위례24단지,49967794,zigbang,7172153,19191,rental,월세,5000,270,0.5,False,송파구,장지동,2418동,저,75.92,22.97,103.93,103B,31B,,"귀한 단기 월세, 12월 중순까지 거주 가능, 빠른 입주",1,단독매물,self_ad,True,False,https://www.zigbang.com/home/apt/items/49967794
2026-08-16 02:57:02,22598,송파꿈에그린위례24단지,48405248,zigbang,7172261,19204,trade,매매,190000,0,19.0,False,송파구,장지동,2419동,고,59.63,18.04,81.63,81A,25A,,"l두리추천l 정남향, 판상형구조, 트인뷰, ",1,단독매물,self_ad,False,False,https://www.zigbang.com/home/apt/items/48405248
2026-08-16 02:57:02,22598,송파꿈에그린위례24단지,49438616,zigbang,7172242,19204,trade,매매,200000,0,20.0,False,송파구,장지동,2419동,8,59.63,18.04,81.63,81A,25A,,"방3개 화장실2개 정남향, 생활편의시설 근접동",1,단독매물,self_ad,True,False,https://www.zigbang.com/home/apt/items/49438616
2026-08-16 02:57:02,22598,송파꿈에그린위례24단지,49965549,zigbang,7172360,19199,trade,매매,160000,0,16.0,False,송파구,장지동,2420동,저,51.77,15.66,70.87,70A,21A,,"실매물,추천,입주,넓은거실,광장뷰,생활권편리",1,단독매물,self_ad,False,False,https://www.zigbang.com/home/apt/items/49965549
2026-08-16 02:57:02,22598,송파꿈에그린위례24단지,49444698,zigbang,7172275,19199,trade,매매,165000,0,16.5,False,송파구,장지동,2420동,중,51.77,15.66,70.87,70A,21A,,상가동 입주 가능 정남향 해 잘 드는 집입니다.,2,동일호중복,self_ad,True,False,https://www.zigbang.com/home/apt/items/49444698
2026-08-16 02:57:02,22598,송파꿈에그린위례24단지,49444565,zigbang,7172339,19203,trade,매매,170000,0,17.0,False,송파구,장지동,2420동,14,54.12,16.37,74.08,74A,22A,,"21평형 세낀 매매, 상가동, 중앙역 바로 ",2,동일호중복,self_ad,True,False,https://www.zigbang.com/home/apt/items/49444565
2026-08-16 02:57:02,22598,송파꿈에그린위례24단지,50053946,zigbang,7172388,19199,charter,전세,65000,0,6.5,True,송파구,장지동,2421동,4,51.77,15.66,70.87,70A,21A,,중앙상권 채광좋고 송파학군 교통편리 입주협의,5,동일호중복,self_ad,True,False,https://www.zigbang.com/home/apt/items/50053946
2026-08-16 02:57:02,22598,송파꿈에그린위례24단지,49754690,zigbang,7172408,19199,rental,월세,10000,220,1.0,False,송파구,장지동,2421동,중,51.77,15.66,70.87,70A,21A,,초중고 학군 인접하고 생활 편리한 실거주 강추 매물,1,단독매물,self_ad,True,False,https://www.zigbang.com/home/apt/items/49754690
2026-08-16 02:57:02,22598,송파꿈에그린위례24단지,49793050,zigbang,7172413,19199,rental,월세,10000,220,1.0,False,송파구,장지동,2421동,중,51.77,15.66,70.87,70A,21A,,"남향, 송파권, 보증금 낮은 착한월세 ",1,단독매물,self_ad,False,False,https://www.zigbang.com/home/apt/items/49793050
2026-08-16 02:57:02,22598,송파꿈에그린위례24단지,49841150,zigbang,7172382,19199,rental,월세,30000,150,3.0,False,송파구,장지동,2421동,저,51.77,15.66,70.87,70A,21A,,"SS 정남향. 입주 협의. 관리 잘 된 집, 융자",1,단독매물,self_ad,True,False,https://www.zigbang.com/home/apt/items/49841150
2026-08-16 02:57:02,22598,송파꿈에그린위례24단지,49832156,zigbang,7172447,19199,trade,매매,152000,0,15.2,False,송파구,장지동,2422동,저,51.77,15.66,70.87,70A,21A,,"짧은세안고, 급매물, 송파학군 마지막 선점하세요 ",1,단독매물,self_ad,False,False,https://www.zigbang.com/home/apt/items/49832156
2026-08-16 02:57:02,22598,송파꿈에그린위례24단지,49796544,zigbang,7172504,19199,trade,매매,161000,0,16.1,True,송파구,장지동,2422동,고,51.77,15.66,70.87,70A,21A,,세안고 방2 송파학군,4,동일호중복,self_ad,False,False,https://www.zigbang.com/home/apt/items/49796544
2026-08-16 02:57:02,22598,송파꿈에그린위례24단지,49226331,zigbang,7172506,19199,trade,매매,163000,0,16.3,False,송파구,장지동,2422동,고,51.77,15.66,70.87,70A,21A,,"입주, 남향,로얄동,햇살좋은집, 입구동, 강력추천, 초품아",1,단독매물,self_ad,False,False,https://www.zigbang.com/home/apt/items/49226331
2026-08-16 02:57:02,22598,송파꿈에그린위례24단지,49561326,zigbang,7172451,19199,trade,매매,165000,0,16.5,False,송파구,장지동,2422동,저,51.77,15.66,70.87,70A,21A,,위례 중심단지.입구 가까운 동. 세안고 매매. 정남향. ,1,단독매물,self_ad,False,False,https://www.zigbang.com/home/apt/items/49561326
2026-08-16 02:57:02,22598,송파꿈에그린위례24단지,49811103,zigbang,7172499,19199,charter,전세,68000,0,6.8,False,송파구,장지동,2422동,15,51.77,15.66,70.87,70A,21A,,SS 로얄동 로얄층. 정남향. 융자없는집.,5,동일호중복,self_ad,True,False,https://www.zigbang.com/home/apt/items/49811103
2026-08-16 02:57:02,22598,송파꿈에그린위례24단지,49983061,zigbang,7172498,19199,charter,전세,68000,0,6.8,False,송파구,장지동,2422동,고,51.77,15.66,70.87,70A,21A,,"남향, 융자무, 금액조정해볼게요",1,단독매물,self_ad,False,False,https://www.zigbang.com/home/apt/items/49983061
2026-08-16 02:57:02,22598,송파꿈에그린위례24단지,49806254,zigbang,7172465,19200,charter,전세,68000,0,6.8,False,송파구,장지동,2422동,중,51.77,15.66,70.87,70AN,21AN,,"남향, 융자무, 에어컨유, 컨디션좋음 ",1,단독매물,self_ad,False,False,https://www.zigbang.com/home/apt/items/49806254
2026-08-16 02:57:02,22598,송파꿈에그린위례24단지,49733000,zigbang,7172468,19200,charter,전세,70000,0,7.0,False,송파구,장지동,2422동,7,51.77,15.66,70.87,70AN,21AN,,SS 로얄동 로얄층. 정남향. 확장. 입주협의. 융자무. ,2,동일호중복,self_ad,True,False,https://www.zigbang.com/home/apt/items/49733000
2026-08-16 02:57:02,22598,송파꿈에그린위례24단지,49876821,zigbang,7172499,19199,rental,월세,65000,20,6.5,False,송파구,장지동,2422동,15,51.77,15.66,70.87,70A,21A,,"SS 로얄동 로얄층. 정남향. 융자없는집.전세,반전세가",2,동일호중복,self_ad,True,False,https://www.zigbang.com/home/apt/items/49876821
2026-08-16 02:57:02,22585,송파더센트레,49913449,zigbang,12256739,19178,trade,매매,158000,0,15.8,False,송파구,장지동,2202동,저,51.77,15.66,73.933,73A,22A,,공동 환영 .입주매매. 정남향. 햇살 좋은 집,1,단독매물,self_ad,True,False,https://www.zigbang.com/home/apt/items/49913449
2026-08-16 02:57:02,22585,송파더센트레,49789473,zigbang,12256760,19178,trade,매매,158000,0,15.8,False,송파구,장지동,2202동,중,51.77,15.66,73.933,73A,22A,,"입주, 송파학군, 남향, 컨디션좋음, 로얄동 ",1,단독매물,self_ad,False,False,https://www.zigbang.com/home/apt/items/49789473
2026-08-16 02:57:02,22585,송파더센트레,49913234,zigbang,12256811,19178,trade,매매,161000,0,16.1,False,송파구,장지동,2202동,14,51.77,15.66,73.933,73A,22A,,입주 방2 화1 넓은거실 정남향 로얄동 로얄층,1,단독매물,self_ad,True,False,https://www.zigbang.com/home/apt/items/49913234
2026-08-16 02:57:02,22585,송파더센트레,49826402,zigbang,12256797,19178,rental,월세,40000,140,4.0,False,송파구,장지동,2202동,고,51.77,15.66,73.933,73A,22A,,"남향, 햇살좋은집, 입주협의, ",1,단독매물,self_ad,False,False,https://www.zigbang.com/home/apt/items/49826402
2026-08-16 02:57:02,22585,송파더센트레,49497043,zigbang,12256800,19178,rental,월세,40000,140,4.0,False,송파구,장지동,2202동,고,51.77,15.66,73.933,73A,22A,,"융자 없는 안전한 집,  바닥 도배 교체, 장기 거주 가능",2,동일호중복,self_ad,False,False,https://www.zigbang.com/home/apt/items/49497043
2026-08-16 02:57:02,22585,송파더센트레,49012193,zigbang,12256818,19178,rental,월세,40000,140,4.0,False,송파구,장지동,2202동,고,51.77,15.66,73.933,73A,22A,,"남향, 송파학군, 로얄동 로얄층, 컨디션좋음 ",1,단독매물,self_ad,False,False,https://www.zigbang.com/home/apt/items/49012193
2026-08-16 02:57:02,22585,송파더센트레,49445885,zigbang,12256866,19178,trade,매매,160000,0,16.0,False,송파구,장지동,2203동,12,51.77,15.66,73.933,73A,22A,,"22평형 세낀매매, 정남향, 해잘드는집",1,단독매물,self_ad,True,False,https://www.zigbang.com/home/apt/items/49445885
2026-08-16 02:57:02,22585,송파더센트레,48428052,zigbang,12256874,19178,trade,매매,165000,0,16.5,False,송파구,장지동,2203동,고,51.77,15.66,73.933,73A,22A,,"입주, 인테리어최고, 시스템에어컨3대, 컨디션아주좋음 ",1,단독매물,self_ad,True,False,https://www.zigbang.com/home/apt/items/48428052
2026-08-16 02:57:02,22585,송파더센트레,49913209,zigbang,12256882,19178,trade,매매,158000,0,15.8,False,송파구,장지동,2204동,1,51.77,15.66,73.933,73A,22A,,입주 방2 넓은거실 정남향 생활편리한동,1,단독매물,self_ad,True,False,https://www.zigbang.com/home/apt/items/49913209
2026-08-16 02:57:02,22585,송파더센트레,49925465,zigbang,12257172,19179,trade,매매,160000,0,16.0,False,송파구,장지동,2206동,25,51.82,15.68,74.005,74A1,22A1,,"고층에서 바라보는 막힘없는 최고의 힐링 전망, 빠른입주가능",3,동일호중복,self_ad,True,False,https://www.zigbang.com/home/apt/items/49925465
2026-08-16 02:57:02,22585,송파더센트레,49876710,zigbang,12257085,19179,trade,매매,160000,0,16.0,False,송파구,장지동,2206동,7,51.82,15.68,74.005,74A1,22A1,,ss매매1순위. 입주협의. 단지 내 정원뷰. 조용한 동.,3,동일호중복,self_ad,True,False,https://www.zigbang.com/home/apt/items/49876710
2026-08-16 02:57:02,22585,송파더센트레,50065676,zigbang,12257342,19187,rental,월세,50000,130,5.0,False,송파구,장지동,2208동,중,59.85,18.1,85.473,85C,26C,,"ss 귀한 반전세, 기운 좋고 전망 탁 트인 집,12",1,단독매물,self_ad,True,False,https://www.zigbang.com/home/apt/items/50065676
2026-08-16 02:57:02,22585,송파더센트레,50029659,zigbang,12257426,19184,charter,전세,75000,0,7.5,False,송파구,장지동,2209동,저,59.96,18.14,85.63,85A,26A,,귀한전세. 학교 바로 앞. 전망 굿. 햇살 좋은 집. ,1,단독매물,self_ad,True,False,https://www.zigbang.com/home/apt/items/50029659
2026-08-16 02:57:02,22585,송파더센트레,49832068,zigbang,12257500,19186,rental,월세,50000,110,5.0,False,송파구,장지동,2209동,고,59.73,18.07,85.301,85B,26B,,"입주협의, 컨디션좋음, 전망좋은집, 송파학군 ",1,단독매물,self_ad,False,False,https://www.zigbang.com/home/apt/items/49832068
2026-08-16 02:57:02,22585,송파더센트레,49913152,zigbang,12257574,19187,trade,매매,190000,0,19.0,False,송파구,장지동,2210동,고,59.85,18.1,85.473,85C,26C,,입주 방3 화2 선호타입 로얄동 로얄층 송파학군,1,단독매물,self_ad,True,False,https://www.zigbang.com/home/apt/items/49913152
2026-08-16 02:57:02,22585,송파더센트레,49913185,zigbang,12257632,19178,trade,매매,163000,0,16.3,False,송파구,장지동,2211동,중,51.77,15.66,73.933,73A,22A,,입주협의 방2 화1 넓은거실 정남향 확트인뷰 채광굿,1,단독매물,self_ad,True,False,https://www.zigbang.com/home/apt/items/49913185
2026-08-16 02:57:02,22585,송파더센트레,49877736,zigbang,12257630,19178,charter,전세,65000,0,6.5,False,송파구,장지동,2211동,중,51.77,15.66,73.933,73A,22A,,"남향, 입주협의, 융자없음, 송파학군 ",1,단독매물,self_ad,False,False,https://www.zigbang.com/home/apt/items/49877736
2026-08-16 02:57:02,22585,송파더센트레,49850231,zigbang,12257631,19178,charter,전세,65000,0,6.5,False,송파구,장지동,2211동,중,51.77,15.66,73.933,73A,22A,,추천 전세. 로얄동 로얄층. 정남향. 햇살 좋은집. 융자무,1,단독매물,self_ad,False,False,https://www.zigbang.com/home/apt/items/49850231
2026-08-16 02:57:02,22585,송파더센트레,49826356,zigbang,12257730,19178,charter,전세,67000,0,6.7,False,송파구,장지동,2212동,중,51.77,15.66,73.933,73A,22A,,"융자무, 입주협의, 컨디션좋음, 트인뷰 ",1,단독매물,self_ad,False,False,https://www.zigbang.com/home/apt/items/49826356
2026-08-16 02:57:02,34317,송파와이즈더샵,255156,coalition,4815660,145139,trade,매매,250000,0,25.0,False,송파구,장지동,101동,13,97.39,29.46,128.62,128F,39F,,집주인이 산 깨끗한 집입니다.,2,동일호중복,partner,True,False,https://www.zigbang.com/home/apt/items/255156
2026-08-16 02:57:02,34317,송파와이즈더샵,47684559,zigbang,4815337,145123,trade,매매,290000,0,29.0,False,송파구,장지동,101동,고,96.75,29.27,126.95,126B,38B,,"I아성I38p,입주,로얄동층,시에컨,컨디션최고,탁트인멋진뷰",1,단독매물,self_ad,True,False,https://www.zigbang.com/home/apt/items/47684559
2026-08-16 02:57:02,34317,송파와이즈더샵,49527578,zigbang,4815400,145127,charter,전세,98000,0,9.8,False,송파구,장지동,101동,12,97.19,29.4,127.47,127D,38D,,"에어컨투인원, 남동향 조망권 좋음, 입주 날짜 조율",7,동일호중복,self_ad,True,False,https://www.zigbang.com/home/apt/items/49527578
2026-08-16 02:57:02,34317,송파와이즈더샵,49479654,zigbang,4815586,145135,trade,매매,240000,0,24.0,False,송파구,장지동,103동,10,97.07,29.36,128.22,128B,39B,,입주가능 송파학군 트램라인 중앙광장생활권,1,단독매물,self_ad,False,False,https://www.zigbang.com/home/apt/items/49479654
2026-08-16 02:57:02,34317,송파와이즈더샵,48611092,zigbang,4815458,145130,charter,전세,95000,0,9.5,False,송파구,장지동,103동,저,97.16,29.39,127.66,127G,38G,,"조정가능, 에어컨풀,  컨디션좋음, 상가이용편리함 ",1,단독매물,self_ad,False,False,https://www.zigbang.com/home/apt/items/48611092
2026-08-16 02:57:02,34317,송파와이즈더샵,49644897,zigbang,4815517,145139,charter,전세,100000,0,10.0,False,송파구,장지동,104동,고,96.71,29.25,127.78,127H,38H,,"융자무, 에어컨유, 위례중앙상가이용편리, ",1,단독매물,self_ad,False,False,https://www.zigbang.com/home/apt/items/49644897
2026-08-16 02:57:02,34317,송파와이즈더샵,49467233,zigbang,4815387,145126,rental,월세,80000,80,8.0,False,송파구,장지동,104동,중,96.53,29.2,127.24,127C,38C,,"에어컨풀, 컨디션좋음, 트인뷰 ",1,단독매물,self_ad,False,False,https://www.zigbang.com/home/apt/items/49467233
2026-08-16 02:57:02,18751,송파파인타운3단지,49491503,zigbang,3275384,15876,trade,매매,192000,0,19.2,False,송파구,장지동,307동,중,84.94,25.69,105,105A,32A,,"소유주 직접의뢰, 채광좋고 주인거주로 관리잘된집, 학교인접",1,단독매물,self_ad,True,False,https://www.zigbang.com/home/apt/items/49491503
2026-08-16 02:57:02,18751,송파파인타운3단지,47078910,zigbang,3275564,15877,trade,매매,185000,0,18.5,False,송파구,장지동,308동,중,84.98,25.71,105,105T2,32T2,,"Ace. 거실, 방1확장. 힐링되는 파노라마숲뷰. 조용한",1,단독매물,self_ad,True,False,https://www.zigbang.com/home/apt/items/47078910
2026-08-16 02:57:02,19329,송파파인타운5단지,48396145,zigbang,13422080,16630,trade,매매,210000,0,21.0,False,송파구,장지동,502동,고,84.93,25.69,109.81,109A,33A,,"초역세권, 트인뷰,  도서관인접,  산책로좋음 ",1,단독매물,self_ad,False,False,https://www.zigbang.com/home/apt/items/48396145
2026-08-16 02:57:02,33273,위례2차아이파크,50068248,zigbang,4704015,91583,charter,전세,90000,0,9.0,True,송파구,장지동,201동,3,90.88,27.49,118.58,118C,36C,,"제일 저렴한 전세매물,10월말까지 입주 조건, 에어컨 유",2,동일호중복,self_ad,True,False,https://www.zigbang.com/home/apt/items/50068248
2026-08-16 02:57:02,33273,위례2차아이파크,49595314,zigbang,4704062,91583,trade,매매,235000,0,23.5,False,송파구,장지동,202동,고,90.88,27.49,118.58,118C,36C,,"입주협의, 컨디션좋음, 고층뷰, 에어컨풀, 조정가능",1,단독매물,self_ad,True,False,https://www.zigbang.com/home/apt/items/49595314
2026-08-16 02:57:02,33273,위례2차아이파크,47819605,zigbang,4704068,91583,charter,전세,100000,0,10.0,False,송파구,장지동,202동,고,90.88,27.49,118.58,118C,36C,,"에어컨유, 협의, 중심상권편리함 ",1,단독매물,self_ad,False,False,https://www.zigbang.com/home/apt/items/47819605
2026-08-16 02:57:02,33273,위례2차아이파크,49976013,zigbang,4704199,91584,rental,월세,65000,130,6.5,False,송파구,장지동,202동,중,90.05,27.24,118.8,118A,36A,,ACE.빠른입주.시에풀.막힘없는뷰. 수변공원인접.트램라인,2,동일호중복,self_ad,True,False,https://www.zigbang.com/home/apt/items/49976013
2026-08-16 02:57:02,33273,위례2차아이파크,49567969,zigbang,4704238,91584,charter,전세,110000,0,11.0,False,송파구,장지동,203동,고,90.05,27.24,118.8,118A,36A,,"에어컨풀, 융자무, 컨디션좋음 ",1,단독매물,self_ad,True,False,https://www.zigbang.com/home/apt/items/49567969
2026-08-16 02:57:02,33273,위례2차아이파크,48271601,zigbang,4704483,91588,charter,전세,110000,0,11.0,False,송파구,장지동,204동,저,115.64,34.98,149.54,149A,45A,,"단지뷰, 에어컨풀, 송파별초, 강력추천 ",1,단독매물,self_ad,False,False,https://www.zigbang.com/home/apt/items/48271601
2026-08-16 02:57:02,23529,위례송파푸르지오,47924633,zigbang,3723363,19471,trade,매매,245000,0,24.5,False,송파구,장지동,103동,고,106.96,32.36,140.31,140A,42A,,Ace.장지천휴먼링산책길. 트램라인. 남한산성과 강남진입,1,단독매물,self_ad,False,False,https://www.zigbang.com/home/apt/items/47924633
2026-08-16 02:57:02,33266,위례아이파크,50006600,zigbang,12351265,91513,trade,매매,235000,0,23.5,False,송파구,장지동,102동,고,87.83,26.57,115.35,115C,35C,,"빠른 입주 가능, 시스템 에어컨 유, 전망 좋음, 주인거",1,단독매물,self_ad,True,False,https://www.zigbang.com/home/apt/items/50006600
2026-08-16 02:57:02,33266,위례아이파크,49461283,zigbang,12351235,91513,trade,매매,235000,0,23.5,False,송파구,장지동,102동,14,87.83,26.57,115.35,115C,35C,,"입주매매, 전망 좋은 집, 주인 거주로 관리 잘 된 집",3,동일호중복,self_ad,True,False,https://www.zigbang.com/home/apt/items/49461283
2026-08-16 02:57:02,33266,위례아이파크,49973792,zigbang,12351265,91513,charter,전세,100000,0,10.0,False,송파구,장지동,102동,고,87.83,26.57,115.35,115C,35C,,"른 입주 가능, 융자 없는 깔끔한 집, 시스템 에어컨 ",1,단독매물,self_ad,True,False,https://www.zigbang.com/home/apt/items/49973792
2026-08-16 02:57:02,33266,위례아이파크,49926813,zigbang,12351179,91518,charter,전세,110000,0,11.0,False,송파구,장지동,102동,저,100.85,30.51,132.66,132B,40B,,"융자 없으며 에어컨 풀, 즉시 입주 가능,월세,전세 가능",1,단독매물,self_ad,True,False,https://www.zigbang.com/home/apt/items/49926813
2026-08-16 02:57:02,33266,위례아이파크,49925531,zigbang,12351179,91518,rental,월세,70000,160,7.0,False,송파구,장지동,102동,저,100.85,30.51,132.66,132B,40B,,"에어컨 4대, 즉시 입주 가능한 좋은 매물입니다.",1,단독매물,self_ad,True,False,https://www.zigbang.com/home/apt/items/49925531
2026-08-16 02:57:02,33266,위례아이파크,49548459,zigbang,12351302,91517,charter,전세,100000,0,10.0,False,송파구,장지동,103동,저,100.78,30.49,131.33,131A,40A,,"실매물,방4개,집상태굿,햇살좋은집,상권굿,트램라인굿",1,단독매물,self_ad,False,False,https://www.zigbang.com/home/apt/items/49548459
2026-08-16 02:57:02,33266,위례아이파크,49530554,zigbang,12351389,91518,charter,전세,120000,0,12.0,False,송파구,장지동,103동,22,100.85,30.51,132.66,132B,40B,,"입주 날짜 협의 가능, 전망 좋은집, 에어컨 풀, 방4개",1,단독매물,self_ad,False,False,https://www.zigbang.com/home/apt/items/49530554
2026-08-16 02:57:02,33266,위례아이파크,49590796,zigbang,12351296,91512,rental,월세,30000,280,3.0,False,송파구,장지동,103동,4,87.88,26.58,115.07,115A,35A,,"아이파크1차 귀한 월세 매물, 융자 없는 깔끔한 집",2,동일호중복,self_ad,True,False,https://www.zigbang.com/home/apt/items/49590796
2026-08-16 02:57:02,36225,위례중앙푸르지오1단지,49532256,zigbang,4843396,150140,trade,매매,249000,0,24.9,False,송파구,장지동,101동,12,110.27,33.36,143.73,143C,43C,,"호재 가득 위례, 입주협의, 위례광장뷰, 풀인테리어",1,단독매물,self_ad,True,False,https://www.zigbang.com/home/apt/items/49532256
2026-08-16 02:57:02,36225,위례중앙푸르지오1단지,48387204,zigbang,4843374,150139,trade,매매,270000,0,27.0,False,송파구,장지동,101동,중,110.22,33.34,143.4,143E,43E,,뻥뷰 올수리 중앙광장상권이용편리  풀에 채광좋음,1,단독매물,self_ad,False,False,https://www.zigbang.com/home/apt/items/48387204
2026-08-16 02:57:02,36225,위례중앙푸르지오1단지,49898344,zigbang,4843428,150147,trade,매매,430000,0,43.0,False,송파구,장지동,101동,19,195.98,59.28,259.91,259,78,,"최고의 팬트하우스 집, 전망 최고, 완전 깔끔, 입주 가능",1,단독매물,self_ad,False,False,https://www.zigbang.com/home/apt/items/49898344
2026-08-16 02:57:02,36225,위례중앙푸르지오1단지,49705395,zigbang,4843372,150139,charter,전세,107000,0,10.7,False,송파구,장지동,101동,저,110.22,33.34,143.4,143E,43E,,"위례광장뷰,에어컨풀,융무,집 상태 굿. 채광 좋은 집.",3,동일호중복,self_ad,True,False,https://www.zigbang.com/home/apt/items/49705395
2026-08-16 02:57:02,36225,위례중앙푸르지오1단지,49467520,zigbang,4843273,150138,charter,전세,108000,0,10.8,False,송파구,장지동,101동,중,102.04,30.87,134.38,134,41,,"에어컨풀, 융자무, 컨디션좋음 남향 ",1,단독매물,self_ad,False,False,https://www.zigbang.com/home/apt/items/49467520
2026-08-16 02:57:02,36225,위례중앙푸르지오1단지,49440680,zigbang,4843387,150140,charter,전세,110000,0,11.0,False,송파구,장지동,101동,3,110.27,33.36,143.73,143C,43C,,"중앙광장 뷰, 융자 없는 깔끔한 전세집, 대형 평수",1,단독매물,self_ad,True,False,https://www.zigbang.com/home/apt/items/49440680
2026-08-16 02:57:02,36225,위례중앙푸르지오1단지,49446763,zigbang,4843377,150139,charter,전세,110000,0,11.0,False,송파구,장지동,101동,10,110.22,33.34,143.4,143E,43E,,"위례 중앙광장 전망, 날짜협의, 해 잘 드는집",3,동일호중복,self_ad,True,False,https://www.zigbang.com/home/apt/items/49446763
2026-08-16 02:57:02,36225,위례중앙푸르지오1단지,49571742,zigbang,4843301,150134,trade,매매,230000,0,23.0,False,송파구,장지동,102동,중,84.89,25.68,111.64,111D,34D,,"주인거주 상태 좋음, 에어컨 풀, 정남향, 채광 좋은집",1,단독매물,self_ad,False,False,https://www.zigbang.com/home/apt/items/49571742
2026-08-16 02:57:02,36224,위례중앙푸르지오2단지,49574942,zigbang,8535189,150120,trade,매매,215000,0,21.5,False,송파구,장지동,202동,고,84.736,25.63,112.544,112D,34D,,"인기형 구조, 주인거주 깔끔한 집, 에어컨 풀, 정남향 ",2,동일호중복,self_ad,True,False,https://www.zigbang.com/home/apt/items/49574942
2026-08-16 02:57:02,36224,위례중앙푸르지오2단지,49849558,zigbang,8535194,150127,trade,매매,430000,0,43.0,False,송파구,장지동,202동,고,152.441,46.11,203.203,203,61,,"위례중앙 희소 가치 최고,최고급 인테리어 펜트하우스 매매",1,단독매물,self_ad,True,False,https://www.zigbang.com/home/apt/items/49849558
2026-08-16 02:57:02,34334,힐스테이트송파위례,47822840,zigbang,4816212,145176,charter,전세,105000,0,10.5,False,송파구,장지동,101동,고,101.8,30.79,130.61,130A,39A,,"착한전세,  빠른입주, 에풀, 방4,  융자무, ",1,단독매물,self_ad,False,False,https://www.zigbang.com/home/apt/items/47822840
2026-08-16 02:57:02,34334,힐스테이트송파위례,49530675,zigbang,4816091,145173,trade,매매,250000,0,25.0,False,송파구,장지동,102동,29,101.38,30.67,130.59,130G,39G,,"전망 최고, 입주 가능, 에어컨 유, 방 3개",1,단독매물,self_ad,True,False,https://www.zigbang.com/home/apt/items/49530675
2026-08-16 02:57:02,34334,힐스테이트송파위례,49912550,zigbang,4816299,145175,rental,월세,75000,140,7.5,False,송파구,장지동,102동,중,101.8,30.79,130.61,130D,39D,,"융무, 밝고환한집, 장기거주가능, 보증금조절가, 동물X",1,단독매물,self_ad,True,False,https://www.zigbang.com/home/apt/items/49912550
2026-08-16 02:57:02,34334,힐스테이트송파위례,49776815,zigbang,4816044,145172,trade,매매,235000,0,23.5,True,송파구,장지동,103동,24,101.38,30.67,130.59,130C,39C,,"주인거주 관리 최상, 에어컨 완비, 전망 최고 매물",2,동일호중복,self_ad,True,False,https://www.zigbang.com/home/apt/items/49776815
2026-08-16 02:57:02,2877,강변현대,49085282,zigbang,7965476,28440,trade,매매,167000,0,16.7,False,송파구,풍납동,101동,저,83.19,25.16,98.07,98,30,,30 주인의뢰 가로주택정비사업 세안고매매 무주택자만매수,1,단독매물,self_ad,False,False,https://www.zigbang.com/home/apt/items/49085282
2026-08-16 02:57:02,7159,대동,254244,coalition,6724168,187966,trade,매매,85000,0,8.5,False,송파구,풍납동,1동,7,59.96,18.14,84.79,84,25,,전세끼고 매매,4,동일호중복,partner,True,False,https://www.zigbang.com/home/apt/items/254244
2026-08-16 02:57:02,2880,동아한가람,256404,coalition,6300979,147156,rental,월세,30000,150,3.0,False,송파구,풍납동,101동,18,84.38,25.52,104.94,104A,31A,,거실에서 최고의 한강조망,1,단독매물,partner,True,False,https://www.zigbang.com/home/apt/items/256404
2026-08-16 02:57:02,730,신동아,49744927,zigbang,7887043,25903,trade,매매,82000,0,8.2,False,송파구,풍납동,101동,중,59.36,17.96,80.76,80,24,,"급매, 가성비투자, 조용하고 살기좋은집",1,단독매물,self_ad,False,False,https://www.zigbang.com/home/apt/items/49744927
2026-08-16 02:57:02,730,신동아,49520179,zigbang,7887014,25903,trade,매매,83000,0,8.3,False,송파구,풍납동,101동,저,59.36,17.96,80.76,80,24,,"25, 살고싶은집, 올수리되서 컨디션 굿, 입주조율가능",1,단독매물,self_ad,False,False,https://www.zigbang.com/home/apt/items/49520179
2026-08-16 02:57:02,730,신동아,49874440,zigbang,7887031,25903,trade,매매,85000,0,8.5,False,송파구,풍납동,101동,고,59.36,17.96,80.76,80,24,,25 컨디션좋음 채광좋고확트인뷰,1,단독매물,self_ad,False,False,https://www.zigbang.com/home/apt/items/49874440
2026-08-16 02:57:02,730,신동아,49520953,zigbang,7887036,25903,trade,매매,95000,0,9.5,False,송파구,풍납동,101동,12,59.36,17.96,80.76,80,24,,"전세 안고 매수 가능ㅣ특올수리, 로얄동층ㅣ채광굿, 한강뷰",6,동일호중복,self_ad,True,False,https://www.zigbang.com/home/apt/items/49520953
2026-08-16 02:57:02,37977,잠실올림픽공원아이파크,48707468,zigbang,9206572,158513,charter,전세,110000,0,11.0,False,송파구,풍납동,101동,저,75.99,22.99,103.6923,103A,31A,,귀한전세 로얄층 남향 성내천뷰 시스템에어컨 조합원옵션,1,단독매물,self_ad,True,False,https://www.zigbang.com/home/apt/items/48707468
2026-08-16 02:57:02,37977,잠실올림픽공원아이파크,50057594,zigbang,9206795,158518,trade,매매,270000,0,27.0,False,송파구,풍납동,103동,중,84.99,25.71,114.4585,114T,34T,,"협의입주,초중인접,성내천인접,에어컨5대,세대창고",1,단독매물,self_ad,True,False,https://www.zigbang.com/home/apt/items/50057594
2026-08-16 02:57:02,37977,잠실올림픽공원아이파크,48712470,zigbang,9206804,158518,trade,매매,270000,0,27.0,False,송파구,풍납동,103동,중,84.99,25.71,114.4585,114T,34T,,"올림픽공원,성내천뷰 로얄층 남향 판상형 드레스룸",1,단독매물,self_ad,True,False,https://www.zigbang.com/home/apt/items/48712470
2026-08-16 02:57:02,37977,잠실올림픽공원아이파크,49244559,zigbang,9206798,158518,trade,매매,290000,0,29.0,False,송파구,풍납동,103동,중,84.99,25.71,114.4585,114T,34T,,34 로얄층 남향 성내천뷰 공원뷰 풀에어컨 드레스룸,1,단독매물,self_ad,True,False,https://www.zigbang.com/home/apt/items/49244559
2026-08-16 02:57:02,37977,잠실올림픽공원아이파크,49244788,zigbang,9206953,158515,trade,매매,270000,0,27.0,False,송파구,풍납동,104동,저,75.91,22.96,105.179,105T,32T,,31 로얄층 남향 채광통풍우수 조합원옵션,1,단독매물,self_ad,True,False,https://www.zigbang.com/home/apt/items/49244788
2026-08-16 02:57:02,37977,잠실올림픽공원아이파크,49808315,zigbang,9206999,158509,rental,월세,50000,240,5.0,False,송파구,풍납동,104동,중,59.97,18.14,83.62,83A,25A,,"25,한강뷰,저녁노을이 아름다운집,관리잘된집,빠른입주가",1,단독매물,self_ad,True,False,https://www.zigbang.com/home/apt/items/49808315
2026-08-16 02:57:02,37977,잠실올림픽공원아이파크,49807845,zigbang,9206897,158514,rental,월세,65000,180,6.5,False,송파구,풍납동,104동,10,75.99,22.99,104.1923,104B,31B,,"31,막힘없는뷰,에어컨풀,초중품아단지,올림픽공원,한강근접",1,단독매물,self_ad,True,False,https://www.zigbang.com/home/apt/items/49807845
2026-08-16 02:57:02,37977,잠실올림픽공원아이파크,48707702,zigbang,9207161,158513,trade,매매,270000,0,27.0,False,송파구,풍납동,106동,중,75.99,22.99,103.6923,103A,31A,,판상형 남향 로얄층 성내천뷰 앞이 뻥 뚫려 통풍채 좋은집,1,단독매물,self_ad,True,False,https://www.zigbang.com/home/apt/items/48707702
2026-08-16 02:57:02,1238,한강극동,49747360,zigbang,5433314,3403,trade,매매,157000,0,15.7,False,송파구,풍납동,105동,중,59.26,17.93,79.85,79,24,,"급매, 입주조율가능, 토성잔디 영구조망",1,단독매물,self_ad,False,False,https://www.zigbang.com/home/apt/items/49747360
2026-08-16 02:57:02,1238,한강극동,251085,coalition,5433281,3403,trade,매매,160000,0,16.0,True,송파구,풍납동,105동,4,59.26,17.93,79.85,79,24,,"아산병원/8호선 강동구청/잠실,천호역 인접/대단지/뻥뷰",5,동일호중복,partner,True,False,https://www.zigbang.com/home/apt/items/251085
2026-08-16 02:57:02,2847,현대리버빌2차,48548654,zigbang,914625,5957,trade,매매,142000,0,14.2,False,송파구,풍납동,310동,저,78.78,23.83,102.48,102,31,,송파 접근 가능한 가성비와 리모델링 기대 단지,2,동일호중복,self_ad,True,False,https://www.zigbang.com/home/apt/items/48548654
